Duration,Distance,OriginalPace,HeartRate,Cadence,PowerOriginal,CalculatedPace,CalculatedStrideLength,CalculatedAerobicEfficiencyPace,CalculatedAerobicEfficiencyPower,CalculatedEfficiencyIndex,
1,0,,93,,,,0,,,,
1,0,,94,0,0,,0,,,,
1,0,,94,0,0,,0,,,,
1,0,,96,0,0,,0,,,,
1,0,,96,0,0,,0,,,,
1,0,,97,0,0,,0,,,,
1,0,,99,0,0,,0,,,,
1,0,,99,0,0,,0,,,,
1,0,,98,0,0,,0,,,,
1,0,,96,0,0,,0,,,,
1,0,,96,0,0,,0,,,,
1,0,,97,0,0,,0,,,,
1,0,,99,0,0,,0,,,,
1,0,,100,0,0,,0,,,,
1,0,,99,0,0,,0,,,,
1,0,,98,0,0,,0,,,,
1,0,,98,0,0,,0,,,,
1,0,,97,0,0,,0,,,,
1,0,,96,0,0,,0,,,,
1,0,,97,0,0,,0,,,,
1,0,,99,0,0,,0,,,,
1,0,,99,0,0,,0,,,,
1,0,,99,0,0,,0,,,,
1,0,,98,0,0,,0,,,,
1,0,,96,0,0,,0,,,,
1,0.00024,4484,90,0,0,,0,0.12,,,
1,0.001,1079,90,0,0,,0,0.48,,,
1,0.00176,613,93,0,0,,0,0.82,,,
1,0.00252,428,97,0,0,,0,1.13,,,
1,0.00327,329,102,0,0,,0,1.4,,,
1,0.00403,267,105,0,0,,0,1.68,,,
1,0.00479,225,107,0,0,,0,1.95,,,
1,0.00555,194,109,0,0,,0,2.22,,,
1,0.00722,169,107,0,0,,0,2.6,,,
1,0.01488,148,106,13,198,,1559,3,1.87,2.048,
1,0.02183,144,107,54,174,,386,3.05,1.63,2.395,
1,0.0282,147,108,98,151,,208,2.96,1.4,2.703,
1,0.03457,151,110,99,119,,201,2.83,1.08,3.339,
1,0.04093,163,112,81,69,,227,2.57,0.62,5.335,
1,0.0473,172,114,63,13,,277,2.4,0.11,26.834,
1,0.05303,181,115,46,0,,360,2.26,,,
1,0.05762,189,115,31,0,,512,2.16,,,
1,0.06265,198,115,16,0,,947,2.06,,,
1,0.06619,207,114,0,0,,0,1.99,,,
1,0.07044,218,114,0,0,,0,1.89,,,
1,0.07534,232,113,0,0,,0,1.79,,,
1,0.07899,245,114,0,0,,0,1.68,,,
1,0.08399,266,114,0,0,,0,1.55,,,
1,0.08759,286,114,0,0,,0,1.44,,,
1,0.09002,304,113,0,0,,0,1.37,,,
1,0.09305,320,112,0,0,,0,1.31,,,
1,0.09562,351,112,0,0,,0,1.2,,,
1,0.09774,375,113,0,0,,0,1.11,,,
1,0.09986,404,113,0,0,,0,1.03,,,
1,0.10198,440,114,0,0,,0,0.94,,,
1,0.10411,486,115,0,0,,0,0.84,,,
1,0.10623,549,116,0,0,,0,0.74,,,
1,0.10815,632,116,0,0,,0,0.64,,,
1,0.10967,728,116,0,0,,0,0.56,,,
1,0.11065,831,116,0,0,,0,0.49,,,
1,0.11161,969,109,0,0,,0,0.44,,,
1,0.11178,1304,106,0,0,,0,0.34,,,
1,0.11178,2079,103,0,0,,0,0.22,,,
1,0.11178,5128,96,0,0,,0,0.1,,,
1,0.11178,,95,0,0,,0,,,,
1,0.11178,,96,0,0,,0,,,,
1,0.11178,,98,0,0,,0,,,,
1,0.11178,,101,0,0,,0,,,,
1,0.11178,,103,0,0,,0,,,,
1,0.11178,,105,0,0,,0,,,,
1,0.11178,,105,0,0,,0,,,,
1,0.11178,,105,0,0,,0,,,,
1,0.11178,,103,0,0,,0,,,,
1,0.11178,,101,0,0,,0,,,,
1,0.11178,,101,0,0,,0,,,,
1,0.11178,,100,0,0,,0,,,,
1,0.11178,,100,0,0,,0,,,,
1,0.11178,,102,0,0,,0,,,,
1,0.11178,,105,0,0,,0,,,,
1,0.11178,,106,0,0,,0,,,,
1,0.11178,,107,0,0,,0,,,,
1,0.11178,,107,0,0,,0,,,,
1,0.11178,,103,0,0,,0,,,,
1,0.11178,,101,0,0,,0,,,,
1,0.11178,,96,0,0,,0,,,,
1,0.11178,,95,0,0,,0,,,,
1,0.11178,,95,0,0,,0,,,,
1,0.11178,,96,0,0,,0,,,,
1,0.11178,,98,0,0,,0,,,,
1,0.11178,,99,0,0,,0,,,,
1,0.11178,,101,0,0,,0,,,,
1,0.11178,,100,0,0,,0,,,,
1,0.11178,,99,0,0,,0,,,,
1,0.11178,,98,0,0,,0,,,,
1,0.11178,,94,0,0,,0,,,,
1,0.11178,,94,0,0,,0,,,,
1,0.11178,,97,0,0,,0,,,,
1,0.11178,,101,0,0,,0,,,,
1,0.11178,,103,0,0,,0,,,,
1,0.1119,66667,105,0,0,,0,0.01,,,
1,0.11665,912,107,0,0,,0,0.48,,,
1,0.11968,288,109,0,0,,0,1.5,,,
1,0.12606,178,109,0,0,,0,2.42,,,
1,0.1331,152,107,0,0,,0,2.89,,,
1,0.1405,149,105,24,186,,839,3,1.77,2.165,
1,0.14598,151,104,87,139,,228,2.99,1.34,2.859,
1,0.15236,149,105,99,127,,203,3,1.21,3.171,
1,0.1592,148,108,99,144,,205,2.94,1.33,2.815,
1,0.16717,145,110,97,172,,213,2.95,1.56,2.406,
1,0.17354,145,112,93,180,,222,2.89,1.61,2.299,
1,0.18054,146,114,91,163,,226,2.82,1.43,2.521,
1,0.18835,149,116,91,138,,221,2.72,1.19,2.918,
1,0.19435,151,117,90,123,,221,2.66,1.05,3.23,
1,0.19985,152,118,89,118,,222,2.62,1,3.345,
1,0.20621,153,119,88,116,,223,2.58,0.97,3.381,
1,0.21234,153,119,86,117,,228,2.58,0.98,3.352,
1,0.21796,153,120,86,122,,228,2.56,1.02,3.214,
1,0.22739,149,120,87,146,,231,2.63,1.22,2.758,
1,0.23376,151,120,88,151,,226,2.59,1.26,2.631,
1,0.23978,152,120,88,130,,224,2.58,1.08,3.036,
1,0.24525,152,121,87,121,,227,2.56,1,3.262,
1,0.252,151,122,87,126,,228,2.55,1.03,3.154,
1,0.26006,152,122,88,135,,224,2.53,1.11,2.924,
1,0.26643,152,122,88,134,,224,2.53,1.1,2.946,
1,0.27281,154,123,87,124,,224,2.48,1.01,3.142,
1,0.27918,154,123,86,119,,227,2.48,0.97,3.274,
1,0.28555,154,124,86,123,,227,2.46,0.99,3.168,
1,0.29215,154,125,86,128,,227,2.44,1.02,3.044,
1,0.29911,155,126,86,129,,225,2.41,1.02,3.001,
1,0.30527,155,127,86,127,,225,2.39,1,3.048,
1,0.31059,156,128,86,126,,224,2.35,0.98,3.053,
1,0.31704,157,129,85,127,,225,2.32,0.98,3.009,
1,0.32459,156,130,84,129,,229,2.32,0.99,2.982,
1,0.33096,153,130,85,137,,231,2.36,1.05,2.862,
1,0.33733,150,131,86,153,,233,2.39,1.17,2.614,
1,0.34359,151,132,87,161,,228,2.36,1.22,2.468,
1,0.34965,152,132,87,156,,227,2.34,1.18,2.53,
1,0.35705,155,133,87,141,,222,2.28,1.06,2.745,
1,0.36243,155,133,86,128,,225,2.28,0.96,3.024,
1,0.37,153,132,86,132,,228,2.33,1,2.971,
1,0.37637,153,133,86,139,,228,2.31,1.05,2.821,
1,0.38274,152,133,86,144,,229,2.32,1.08,2.741,
1,0.38978,153,133,86,144,,228,2.31,1.08,2.723,
1,0.39718,152,133,87,142,,227,2.32,1.07,2.78,
1,0.40266,152,133,87,143,,227,2.32,1.08,2.76,
1,0.40903,152,134,87,141,,227,2.31,1.05,2.8,
1,0.41542,152,135,86,140,,229,2.29,1.04,2.82,
1,0.42179,153,135,87,137,,225,2.28,1.01,2.862,
1,0.42873,154,136,87,132,,224,2.24,0.97,2.952,
1,0.43628,152,136,86,133,,229,2.27,0.98,2.968,
1,0.44191,150,136,86,153,,233,2.3,1.13,2.614,
1,0.44894,152,137,87,156,,227,2.26,1.14,2.53,
1,0.45446,153,138,87,140,,225,2.23,1.01,2.801,
1,0.46061,154,139,87,130,,224,2.2,0.94,2.997,
1,0.46609,154,139,86,126,,227,2.2,0.91,3.092,
1,0.47563,154,139,86,129,,227,2.2,0.93,3.02,
1,0.48171,153,139,86,134,,228,2.21,0.96,2.927,
1,0.48731,152,140,86,137,,229,2.21,0.98,2.881,
1,0.49439,151,140,86,142,,231,2.22,1.01,2.798,
1,0.49986,150,140,87,147,,230,2.24,1.05,2.721,
1,0.50635,153,140,88,142,,223,2.19,1.01,2.762,
1,0.51345,156,141,87,128,,221,2.14,0.91,3.005,
1,0.52103,159,141,86,103,,219,2.1,0.73,3.664,
1,0.52695,160,142,84,93,,223,2.07,0.65,4.032,
1,0.53149,161,142,83,99,,225,2.06,0.7,3.764,
1,0.54016,157,142,83,123,,230,2.11,0.87,3.107,
1,0.54617,157,142,83,144,,230,2.11,1.01,2.654,
1,0.55136,157,142,83,136,,230,2.11,0.96,2.81,
1,0.55591,156,142,84,129,,229,2.12,0.91,2.982,
1,0.56439,157,142,85,124,,225,2.11,0.87,3.082,
1,0.57075,157,142,85,120,,225,2.11,0.85,3.185,
1,0.57713,158,143,84,123,,226,2.08,0.86,3.087,
1,0.5835,158,143,83,125,,229,2.08,0.87,3.038,
1,0.5893,158,144,83,126,,229,2.07,0.88,3.014,
1,0.59384,156,144,84,130,,229,2.09,0.9,2.959,
1,0.60171,157,144,84,135,,227,2.08,0.94,2.831,
1,0.60979,156,145,85,131,,226,2.08,0.9,2.936,
1,0.61617,157,145,84,121,,227,2.06,0.83,3.158,
1,0.62254,157,145,84,119,,227,2.06,0.82,3.211,
1,0.62892,158,145,84,122,,226,2.05,0.84,3.113,
1,0.63528,159,146,84,124,,225,2.02,0.85,3.043,
1,0.64165,158,145,84,125,,226,2.05,0.86,3.038,
1,0.64765,158,146,83,124,,229,2.04,0.85,3.062,
1,0.65313,158,145,83,125,,229,2.05,0.86,3.038,
1,0.6595,158,145,84,125,,226,2.05,0.86,3.038,
1,0.66588,158,145,84,125,,226,2.05,0.86,3.038,
1,0.67225,157,144,84,126,,227,2.08,0.88,3.033,
1,0.67861,156,144,84,130,,229,2.09,0.9,2.959,
1,0.68499,156,144,84,132,,229,2.09,0.92,2.914,
1,0.69203,155,143,85,129,,228,2.12,0.9,3.001,
1,0.69942,154,143,85,129,,229,2.13,0.9,3.02,
1,0.70492,153,143,86,136,,228,2.15,0.95,2.884,
1,0.7113,156,143,86,137,,224,2.11,0.96,2.807,
1,0.71766,156,143,86,128,,224,2.11,0.9,3.005,
1,0.72403,155,143,85,127,,228,2.12,0.89,3.048,
1,0.7304,156,142,85,139,,226,2.12,0.98,2.767,
1,0.73677,156,140,85,139,,226,2.15,0.99,2.767,
1,0.74279,155,139,85,132,,228,2.18,0.95,2.933,
1,0.7486,154,137,84,130,,232,2.23,0.95,2.997,
1,0.75671,154,136,85,131,,229,2.24,0.96,2.974,
1,0.76307,154,137,86,131,,227,2.23,0.96,2.974,
1,0.76941,153,137,86,129,,228,2.24,0.94,3.04,
1,0.77582,152,138,86,129,,229,2.24,0.93,3.06,
1,0.78167,151,139,86,131,,231,2.24,0.94,3.033,
1,0.78622,151,139,86,134,,231,2.24,0.96,2.965,
1,0.7956,148,139,87,146,,233,2.28,1.05,2.777,
1,0.80092,148,139,88,163,,230,2.28,1.17,2.487,
1,0.80725,149,139,89,163,,226,2.27,1.17,2.47,
1,0.81501,148,139,89,152,,228,2.28,1.09,2.667,
1,0.82213,148,140,89,146,,228,2.27,1.04,2.777,
1,0.82967,150,142,89,140,,225,2.21,0.99,2.857,
1,0.83604,150,143,89,132,,225,2.19,0.92,3.03,
1,0.84307,150,143,89,132,,225,2.19,0.92,3.03,
1,0.85049,150,143,88,136,,227,2.19,0.95,2.941,
1,0.85598,151,143,88,138,,226,2.18,0.97,2.879,
1,0.86233,149,143,88,141,,229,2.21,0.99,2.856,
1,0.86914,148,142,88,152,,230,2.24,1.07,2.667,
1,0.87715,150,142,89,159,,225,2.21,1.12,2.516,
1,0.88304,152,142,88,150,,224,2.18,1.06,2.632,
1,0.88759,154,142,87,134,,224,2.15,0.94,2.908,
1,0.89626,156,142,86,121,,224,2.12,0.85,3.179,
1,0.90227,156,141,85,121,,226,2.14,0.86,3.179,
1,0.90776,151,141,85,136,,234,2.21,0.96,2.922,
1,0.91454,149,141,87,168,,231,2.24,1.19,2.397,
1,0.92257,149,141,88,184,,229,2.24,1.3,2.189,
1,0.92894,150,141,89,165,,225,2.22,1.17,2.424,
1,0.93531,150,141,88,146,,227,2.22,1.04,2.74,
1,0.94229,150,141,88,141,,227,2.22,1,2.837,
1,0.9501,150,141,87,136,,230,2.22,0.96,2.941,
1,0.95611,150,142,87,127,,230,2.21,0.89,3.15,
1,0.96161,150,142,88,124,,227,2.21,0.87,3.226,
1,0.96797,150,143,88,129,,227,2.19,0.9,3.101,
1,0.97482,152,143,88,132,,224,2.16,0.92,2.99,
1,0.98279,152,144,87,130,,227,2.15,0.9,3.036,
1,0.98915,152,143,87,130,,227,2.16,0.91,3.036,
1,0.99552,151,144,87,134,,228,2.16,0.93,2.965,
1,1.0013,151,143,87,136,,228,2.18,0.95,2.922,
1,1.00585,151,144,88,137,,226,2.16,0.95,2.9,
1,1.01547,152,144,87,137,,227,2.15,0.95,2.881,
1,1.02161,152,144,87,140,,227,2.15,0.97,2.82,
1,1.02701,152,144,87,139,,227,2.15,0.97,2.84,
1,1.03511,148,144,87,148,,233,2.21,1.03,2.739,
1,1.04301,135,144,85,236,,261,2.42,1.64,1.883,
1,1.0496,128,144,81,363,,289,2.55,2.52,1.291,
1,1.05666,124,143,82,417,,295,2.65,2.92,1.16,
1,1.06375,123,144,85,388,,287,2.65,2.69,1.257,
1,1.07385,120,145,86,329,,291,2.7,2.27,1.52,
1,1.08234,118,146,88,312,,289,2.73,2.14,1.63,
1,1.09134,117,147,90,317,,285,2.73,2.16,1.618,
1,1.10138,116,148,90,310,,287,2.74,2.09,1.669,
1,1.10988,114,149,92,324,,286,2.77,2.17,1.624,
1,1.11794,114,150,93,316,,283,2.75,2.11,1.666,
1,1.12522,115,151,94,278,,278,2.71,1.84,1.877,
1,1.13407,116,152,93,242,,278,2.67,1.59,2.137,
1,1.14428,116,154,92,226,,281,2.63,1.47,2.289,
1,1.15277,114,155,92,253,,286,2.66,1.63,2.08,
1,1.16126,113,156,93,288,,285,2.67,1.85,1.844,
1,1.1695,113,157,94,290,,282,2.65,1.85,1.831,
1,1.17709,112,157,95,284,,282,2.67,1.81,1.886,
1,1.18835,112,158,95,276,,282,2.66,1.75,1.941,
1,1.19564,113,159,95,261,,279,2.62,1.64,2.034,
1,1.2045,113,159,95,251,,279,2.62,1.58,2.115,
1,1.21469,113,160,95,253,,279,2.6,1.58,2.099,
1,1.22287,113,160,95,255,,279,2.6,1.59,2.082,
1,1.23012,113,161,95,253,,279,2.58,1.57,2.099,
1,1.24075,114,161,94,252,,280,2.56,1.57,2.089,
1,1.25073,115,162,94,241,,278,2.52,1.49,2.165,
1,1.25877,116,162,93,231,,278,2.5,1.43,2.239,
1,1.26606,116,163,93,230,,278,2.49,1.41,2.249,
1,1.27431,118,163,92,226,,276,2.44,1.39,2.25,
1,1.28139,118,164,91,221,,279,2.43,1.35,2.301,
1,1.29154,118,164,90,220,,282,2.43,1.34,2.311,
1,1.30003,119,164,91,215,,277,2.41,1.31,2.345,
1,1.30852,121,165,90,200,,275,2.35,1.21,2.479,
1,1.31701,120,165,89,199,,281,2.37,1.21,2.513,
1,1.32471,120,165,88,215,,284,2.37,1.3,2.326,
1,1.33077,119,164,88,227,,286,2.41,1.38,2.221,
1,1.34291,118,164,89,238,,286,2.43,1.45,2.136,
1,1.35139,118,165,90,244,,282,2.41,1.48,2.084,
1,1.3599,117,165,91,242,,282,2.43,1.47,2.119,
1,1.36839,118,165,90,238,,282,2.41,1.44,2.136,
1,1.37687,118,166,90,233,,282,2.4,1.4,2.182,
1,1.38536,118,166,91,234,,279,2.4,1.41,2.173,
1,1.39338,118,167,91,232,,279,2.39,1.39,2.192,
1,1.4007,119,167,91,220,,277,2.37,1.32,2.292,
1,1.40919,118,167,90,221,,282,2.39,1.32,2.301,
1,1.41738,118,168,90,233,,282,2.37,1.39,2.182,
1,1.42462,119,168,90,231,,280,2.35,1.38,2.183,
1,1.43466,119,168,90,221,,280,2.35,1.32,2.281,
1,1.44377,119,168,90,216,,280,2.35,1.29,2.334,
1,1.45372,118,168,89,224,,286,2.37,1.33,2.27,
1,1.46173,118,168,90,237,,282,2.37,1.41,2.145,
1,1.46904,118,168,91,238,,279,2.37,1.42,2.136,
1,1.47754,119,168,91,227,,277,2.35,1.35,2.221,
1,1.48604,119,168,90,215,,280,2.35,1.28,2.345,
1,1.49453,118,168,90,232,,282,2.37,1.38,2.192,
1,1.50302,119,168,90,246,,280,2.35,1.46,2.05,
1,1.51151,120,169,90,225,,278,2.32,1.33,2.222,
1,1.52001,119,169,90,213,,280,2.34,1.26,2.367,
1,1.52801,120,169,90,217,,278,2.32,1.28,2.304,
1,1.53532,120,169,89,217,,281,2.32,1.28,2.304,
1,1.54382,120,169,88,222,,284,2.32,1.31,2.252,
1,1.55232,120,169,89,234,,281,2.32,1.38,2.137,
1,1.56082,119,170,89,239,,283,2.32,1.41,2.11,
1,1.56931,119,170,90,234,,280,2.32,1.38,2.155,
1,1.57737,120,170,90,228,,278,2.3,1.34,2.193,
1,1.58488,120,171,89,221,,281,2.29,1.29,2.262,
1,1.59488,119,171,89,219,,283,2.31,1.28,2.302,
1,1.60343,119,171,89,227,,283,2.31,1.33,2.221,
1,1.61053,119,171,90,238,,280,2.31,1.39,2.118,
1,1.61902,119,171,90,240,,280,2.31,1.4,2.101,
1,1.62762,119,171,89,236,,283,2.31,1.38,2.136,
1,1.63765,119,171,89,233,,283,2.31,1.36,2.164,
1,1.64615,120,172,90,218,,278,2.28,1.27,2.294,
1,1.65418,120,172,89,209,,281,2.28,1.22,2.392,
1,1.66125,119,171,89,217,,283,2.31,1.27,2.324,
1,1.66831,120,171,89,225,,281,2.29,1.32,2.222,
1,1.67846,120,171,89,220,,281,2.29,1.29,2.273,
1,1.68662,121,171,89,213,,279,2.27,1.25,2.328,
1,1.69392,121,171,89,217,,279,2.27,1.27,2.285,
1,1.70393,120,171,89,223,,281,2.29,1.3,2.242,
1,1.71199,121,171,88,228,,282,2.27,1.33,2.175,
1,1.71908,122,171,88,225,,279,2.25,1.32,2.186,
1,1.72615,121,171,88,225,,282,2.27,1.32,2.204,
1,1.73624,120,171,88,242,,284,2.29,1.42,2.066,
1,1.74423,119,171,89,265,,283,2.31,1.55,1.903,
1,1.7503,120,171,89,260,,281,2.29,1.52,1.923,
1,1.76136,120,171,89,239,,281,2.29,1.4,2.092,
1,1.76877,120,171,89,224,,281,2.29,1.31,2.232,
1,1.77871,120,171,89,229,,281,2.29,1.34,2.183,
1,1.78672,119,171,89,245,,283,2.31,1.43,2.058,
1,1.79405,119,171,89,251,,283,2.31,1.47,2.009,
1,1.80254,119,171,89,241,,283,2.31,1.41,2.092,
1,1.81103,119,171,90,235,,280,2.31,1.37,2.146,
1,1.81952,120,172,89,232,,281,2.28,1.35,2.155,
1,1.82801,119,172,89,234,,283,2.3,1.36,2.155,
1,1.8365,119,172,89,245,,283,2.3,1.42,2.058,
1,1.84565,118,172,89,253,,286,2.32,1.47,2.01,
1,1.85506,117,172,90,259,,285,2.34,1.51,1.98,
1,1.86239,117,173,91,260,,282,2.32,1.5,1.972,
1,1.87089,118,173,91,245,,279,2.3,1.42,2.075,
1,1.87938,117,174,91,233,,282,2.31,1.34,2.201,
1,1.88788,116,174,90,247,,287,2.33,1.42,2.094,
1,1.89637,117,174,91,252,,282,2.31,1.45,2.035,
1,1.90485,118,174,92,228,,276,2.29,1.31,2.23,
1,1.91403,117,174,91,219,,282,2.31,1.26,2.342,
1,1.92342,118,174,91,238,,279,2.29,1.37,2.136,
1,1.93074,118,175,90,240,,282,2.28,1.37,2.119,
1,1.93924,117,174,90,234,,285,2.31,1.34,2.192,
1,1.94773,117,174,91,241,,282,2.31,1.39,2.128,
1,1.95622,118,174,91,240,,279,2.29,1.38,2.119,
1,1.96432,118,174,91,227,,279,2.29,1.3,2.24,
1,1.97179,118,175,90,228,,282,2.28,1.3,2.23,
1,1.98091,117,174,90,242,,285,2.31,1.39,2.119,
1,1.98698,118,174,91,247,,279,2.29,1.42,2.059,
1,1.99742,119,174,91,235,,277,2.27,1.35,2.146,
1,2.00759,118,174,90,229,,282,2.29,1.32,2.22,
1,2.01608,118,174,90,236,,282,2.29,1.36,2.155,
1,2.02458,119,174,90,232,,280,2.27,1.33,2.173,
1,2.03307,119,174,90,231,,280,2.27,1.33,2.183,
1,2.04156,119,174,90,235,,280,2.27,1.35,2.146,
1,2.04958,119,174,90,231,,280,2.27,1.33,2.183,
1,2.05689,118,175,89,226,,286,2.28,1.29,2.25,
1,2.06538,118,175,90,231,,282,2.28,1.32,2.201,
1,2.07388,118,175,91,237,,279,2.28,1.35,2.145,
1,2.08235,117,175,89,237,,288,2.3,1.35,2.164,
1,2.09056,116,175,87,243,,297,2.32,1.39,2.129,
1,2.0982,117,175,88,249,,291,2.3,1.42,2.06,
1,2.10657,117,175,88,243,,291,2.3,1.39,2.11,
1,2.11793,116,176,88,234,,294,2.3,1.33,2.21,
1,2.12525,117,176,88,239,,291,2.28,1.36,2.146,
1,2.13327,117,176,87,233,,295,2.28,1.32,2.201,
1,2.13933,117,176,87,230,,295,2.28,1.31,2.23,
1,2.15038,117,176,88,228,,291,2.28,1.3,2.249,
1,2.15769,117,176,88,232,,291,2.28,1.32,2.21,
1,2.16831,118,176,88,238,,289,2.26,1.35,2.136,
1,2.17826,117,176,87,242,,295,2.28,1.38,2.119,
1,2.18593,117,177,86,251,,298,2.27,1.42,2.043,
1,2.192,117,176,87,250,,295,2.28,1.42,2.051,
1,2.20161,117,177,88,245,,291,2.27,1.38,2.093,
1,2.20768,117,177,88,244,,291,2.27,1.38,2.102,
1,2.21753,118,177,88,238,,289,2.25,1.34,2.136,
1,2.22756,119,178,87,220,,290,2.22,1.24,2.292,
1,2.23605,118,178,86,222,,296,2.24,1.25,2.29,
1,2.24523,118,178,87,236,,292,2.24,1.33,2.155,
1,2.25461,119,178,87,235,,290,2.22,1.32,2.146,
1,2.26195,120,177,87,225,,287,2.21,1.27,2.222,
1,2.27044,120,178,86,212,,291,2.2,1.19,2.358,
1,2.27894,120,177,85,212,,294,2.21,1.2,2.358,
1,2.28707,118,178,86,241,,296,2.24,1.35,2.11,
1,2.29444,118,178,86,261,,296,2.24,1.47,1.948,
1,2.30441,119,178,86,240,,293,2.22,1.35,2.101,
1,2.31244,119,178,86,215,,293,2.22,1.21,2.345,
1,2.31973,119,178,86,209,,293,2.22,1.17,2.412,
1,2.32798,120,178,86,220,,291,2.2,1.24,2.273,
1,2.3351,120,177,86,230,,291,2.21,1.3,2.174,
1,2.34522,119,177,86,235,,293,2.23,1.33,2.146,
1,2.35371,119,178,85,243,,297,2.22,1.37,2.075,
1,2.36219,119,178,85,246,,297,2.22,1.38,2.05,
1,2.37068,119,178,86,241,,293,2.22,1.35,2.092,
1,2.37871,120,178,86,233,,291,2.2,1.31,2.146,
1,2.38602,119,178,86,237,,293,2.22,1.33,2.127,
1,2.39451,120,178,85,240,,294,2.2,1.35,2.083,
1,2.40299,119,178,85,236,,297,2.22,1.33,2.136,
1,2.41149,119,177,86,241,,293,2.23,1.36,2.092,
1,2.42055,119,177,86,241,,293,2.23,1.36,2.092,
1,2.43056,119,178,86,235,,293,2.22,1.32,2.146,
1,2.43904,119,178,86,223,,293,2.22,1.25,2.261,
1,2.44705,119,178,85,217,,297,2.22,1.22,2.324,
1,2.45438,120,178,86,218,,291,2.2,1.22,2.294,
1,2.46287,120,178,86,218,,291,2.2,1.22,2.294,
1,2.47105,119,178,86,230,,293,2.22,1.29,2.192,
1,2.4783,119,178,85,247,,297,2.22,1.39,2.041,
1,2.48834,120,178,85,244,,294,2.2,1.37,2.049,
1,2.49683,119,178,86,239,,293,2.22,1.34,2.11,
1,2.50533,118,178,86,259,,296,2.24,1.46,1.963,
1,2.51333,118,179,87,264,,292,2.23,1.47,1.926,
1,2.52066,119,179,86,242,,293,2.21,1.35,2.083,
1,2.52915,119,179,86,228,,293,2.21,1.27,2.211,
1,2.53764,120,179,86,219,,291,2.19,1.22,2.283,
1,2.54613,119,179,86,221,,293,2.21,1.23,2.281,
1,2.55462,119,179,86,239,,293,2.21,1.34,2.11,
1,2.56284,118,178,86,249,,296,2.24,1.4,2.042,
1,2.57043,118,178,86,246,,296,2.24,1.38,2.067,
1,2.58167,118,178,86,238,,296,2.24,1.34,2.136,
1,2.58901,118,178,87,235,,292,2.24,1.32,2.164,
1,2.5975,118,178,87,235,,292,2.24,1.32,2.164,
1,2.60599,119,179,87,233,,290,2.21,1.3,2.164,
1,2.61448,118,179,86,246,,296,2.23,1.37,2.067,
1,2.62297,118,179,86,254,,296,2.23,1.42,2.002,
1,2.63147,118,179,87,248,,292,2.23,1.39,2.05,
1,2.6395,118,180,87,241,,292,2.21,1.34,2.11,
1,2.6468,118,180,87,234,,292,2.21,1.3,2.173,
1,2.65567,118,180,86,230,,296,2.21,1.28,2.211,
1,2.66586,118,180,86,231,,296,2.21,1.28,2.201,
1,2.67435,118,180,87,242,,292,2.21,1.34,2.101,
1,2.68284,118,180,87,247,,292,2.21,1.37,2.059,
1,2.69133,118,181,87,250,,292,2.2,1.38,2.034,
1,2.69981,119,181,86,243,,293,2.18,1.34,2.075,
1,2.70783,120,181,86,223,,291,2.16,1.23,2.242,
1,2.71515,119,181,86,221,,293,2.18,1.22,2.281,
1,2.72337,118,181,86,247,,296,2.2,1.36,2.059,
1,2.73051,118,180,87,265,,292,2.21,1.47,1.919,
1,2.74005,119,179,86,252,,293,2.21,1.41,2.001,
1,2.74612,119,179,86,236,,293,2.21,1.32,2.136,
1,2.75762,119,179,86,228,,293,2.21,1.27,2.211,
1,2.76677,118,180,86,236,,296,2.21,1.31,2.155,
1,2.77619,117,180,86,256,,298,2.23,1.42,2.003,
1,2.78325,117,180,87,266,,295,2.23,1.48,1.928,
1,2.79033,117,180,87,254,,295,2.23,1.41,2.019,
1,2.80049,118,180,87,232,,292,2.21,1.29,2.192,
1,2.80898,119,181,87,223,,290,2.18,1.23,2.261,
1,2.81748,119,181,87,218,,290,2.18,1.2,2.313,
1,2.82597,119,181,86,227,,293,2.18,1.25,2.221,
1,2.83445,118,181,86,242,,296,2.2,1.34,2.101,
1,2.84245,119,181,87,242,,290,2.18,1.34,2.083,
1,2.84954,118,181,87,237,,292,2.2,1.31,2.145,
1,2.85663,118,181,87,239,,292,2.2,1.32,2.128,
1,2.86725,118,181,86,242,,296,2.2,1.34,2.101,
1,2.87734,118,181,86,231,,296,2.2,1.28,2.201,
1,2.88583,118,181,87,229,,292,2.2,1.27,2.22,
1,2.89431,119,181,87,224,,290,2.18,1.24,2.251,
1,2.90281,120,180,86,212,,291,2.18,1.18,2.358,
1,2.91081,120,181,87,216,,287,2.16,1.19,2.315,
1,2.91813,121,181,87,220,,285,2.15,1.22,2.254,
1,2.92663,120,181,87,222,,287,2.16,1.23,2.252,
1,2.93513,119,181,87,233,,290,2.18,1.29,2.164,
1,2.94362,121,180,87,229,,285,2.16,1.27,2.165,
1,2.95211,121,180,88,208,,282,2.16,1.16,2.384,
1,2.96017,122,180,87,193,,283,2.14,1.07,2.548,
1,2.96772,122,180,86,191,,286,2.14,1.06,2.575,
1,2.97708,122,180,86,204,,286,2.14,1.13,2.411,
1,2.98442,121,180,86,216,,288,2.16,1.2,2.296,
1,2.99261,122,180,86,219,,286,2.14,1.22,2.246,
1,2.99982,122,180,86,219,,286,2.14,1.22,2.246,
1,3.00989,121,180,86,224,,288,2.16,1.24,2.214,
1,3.01799,122,180,86,224,,286,2.14,1.24,2.196,
1,3.02523,122,180,86,222,,286,2.14,1.23,2.215,
1,3.03343,123,180,86,221,,284,2.12,1.23,2.207,
1,3.03991,124,180,86,207,,281,2.11,1.15,2.338,
1,3.047,125,180,85,189,,282,2.09,1.05,2.54,
1,3.05667,132,180,80,137,,284,1.98,0.76,3.318,
1,3.06354,138,180,67,60,,324,1.89,0.33,7.246,
1,3.0712,143,180,53,29,,396,1.83,0.16,14.468,
1,3.07674,149,179,40,19,,503,1.76,0.11,21.194,
1,3.08421,155,178,27,12,,717,1.7,0.07,32.258,
1,3.08998,160,177,14,17,,1339,1.66,0.1,22.059,
1,3.09452,161,176,0,0,,0,1.66,,,
1,3.0998,166,175,0,0,,0,1.62,,,
1,3.10845,173,174,79,43,,220,1.56,0.25,8.066,
1,3.11431,178,174,77,46,,219,1.52,0.26,7.328,
1,3.11912,181,173,75,49,,221,1.5,0.28,6.765,
1,3.12487,186,172,72,55,,224,1.47,0.32,5.865,
1,3.12979,191,172,71,58,,221,1.43,0.34,5.416,
1,3.13519,195,171,70,55,,220,1.41,0.32,5.594,
1,3.13922,199,170,69,52,,218,1.39,0.31,5.798,
1,3.14517,204,169,69,53,,213,1.36,0.31,5.549,
1,3.14942,210,168,68,53,,210,1.33,0.32,5.391,
1,3.15366,213,168,66,53,,213,1.31,0.32,5.315,
1,3.15849,215,168,65,56,,215,1.3,0.33,4.983,
1,3.16422,219,167,63,61,,217,1.29,0.37,4.491,
1,3.16846,217,166,62,67,,223,1.3,0.4,4.127,
1,3.17246,211,165,61,76,,233,1.35,0.46,3.742,
1,3.17651,209,164,62,86,,232,1.37,0.52,3.338,
1,3.18245,203,164,63,93,,235,1.41,0.57,3.178,
1,3.18718,203,164,64,98,,231,1.41,0.6,3.016,
1,3.19301,206,163,65,94,,224,1.4,0.58,3.099,
1,3.19726,206,163,65,82,,224,1.4,0.5,3.552,
1,3.20215,204,163,65,77,,226,1.41,0.47,3.82,
1,3.20759,202,163,65,82,,228,1.43,0.5,3.622,
1,3.21124,206,162,66,86,,221,1.41,0.53,3.387,
1,3.21588,208,162,65,80,,222,1.39,0.49,3.606,
1,3.2218,206,162,65,75,,224,1.41,0.46,3.883,
1,3.22605,206,162,65,79,,224,1.41,0.49,3.687,
1,3.23057,206,162,65,82,,224,1.41,0.51,3.552,
1,3.23588,208,162,65,80,,222,1.39,0.49,3.606,
1,3.24064,213,162,64,74,,220,1.36,0.46,3.807,
1,3.24457,213,162,64,71,,220,1.36,0.44,3.967,
1,3.25059,209,161,64,72,,224,1.4,0.45,3.987,
1,3.25484,205,162,64,81,,229,1.42,0.5,3.613,
1,3.25954,210,162,64,86,,223,1.38,0.53,3.322,
1,3.2654,207,162,64,77,,226,1.4,0.48,3.764,
1,3.26946,207,162,64,72,,226,1.4,0.44,4.026,
1,3.27341,210,162,64,74,,223,1.38,0.46,3.861,
1,3.2802,206,162,65,78,,224,1.41,0.48,3.734,
1,3.28421,205,161,65,86,,225,1.42,0.53,3.403,
1,3.28822,207,161,65,90,,223,1.41,0.56,3.221,
1,3.29405,205,161,65,87,,225,1.42,0.54,3.364,
1,3.29763,207,160,65,85,,223,1.42,0.53,3.41,
1,3.3032,208,160,65,81,,222,1.41,0.51,3.561,
1,3.30881,208,159,65,77,,222,1.42,0.48,3.746,
1,3.31252,206,159,65,76,,224,1.43,0.48,3.832,
1,3.31726,212,158,64,73,,221,1.4,0.46,3.877,
1,3.32121,218,157,64,64,,215,1.37,0.41,4.3,
1,3.32723,225,157,63,54,,212,1.33,0.34,4.938,
1,3.33147,229,156,61,50,,215,1.32,0.32,5.24,
1,3.33556,227,154,60,52,,220,1.34,0.34,5.083,
1,3.33919,227,153,59,56,,224,1.35,0.37,4.72,
1,3.34421,225,154,58,60,,230,1.36,0.39,4.444,
1,3.34846,221,154,59,65,,230,1.38,0.42,4.177,
1,3.35338,219,154,60,70,,228,1.39,0.45,3.914,
1,3.35877,217,155,60,75,,230,1.4,0.48,3.687,
1,3.36231,212,154,61,79,,232,1.44,0.51,3.583,
1,3.36585,214,153,62,84,,226,1.44,0.55,3.338,
1,3.37141,219,152,63,81,,217,1.41,0.53,3.382,
1,3.37724,223,152,62,68,,217,1.39,0.45,3.957,
1,3.38149,223,152,61,57,,221,1.39,0.38,4.72,
1,3.38574,219,152,60,57,,228,1.41,0.38,4.807,
1,3.38997,218,151,60,61,,229,1.43,0.4,4.512,
1,3.39457,218,152,60,64,,229,1.42,0.42,4.3,
1,3.39971,218,153,61,66,,226,1.41,0.43,4.17,
1,3.40381,218,154,62,67,,222,1.4,0.44,4.108,
1,3.40743,218,154,62,68,,222,1.4,0.44,4.047,
1,3.41246,223,154,61,66,,221,1.37,0.43,4.077,
1,3.4167,227,153,61,58,,217,1.35,0.38,4.557,
1,3.42158,224,153,60,50,,223,1.37,0.33,5.357,
1,3.42703,224,152,60,51,,223,1.38,0.34,5.252,
1,3.43068,225,152,60,57,,222,1.37,0.38,4.678,
1,3.43493,229,151,59,60,,222,1.36,0.4,4.367,
1,3.43902,232,151,59,61,,219,1.34,0.4,4.24,
1,3.44263,233,151,59,61,,218,1.34,0.4,4.221,
1,3.44766,233,150,58,61,,222,1.34,0.41,4.221,
1,3.45189,229,150,58,62,,226,1.37,0.41,4.226,
1,3.45615,224,150,58,67,,231,1.4,0.45,3.998,
1,3.46076,225,150,58,72,,230,1.39,0.48,3.704,
1,3.46589,227,149,59,73,,224,1.39,0.49,3.621,
1,3.47014,227,149,60,70,,220,1.39,0.47,3.776,
1,3.47439,225,147,59,66,,226,1.42,0.45,4.04,
1,3.47864,227,147,58,65,,228,1.41,0.44,4.066,
1,3.48288,227,147,58,65,,228,1.41,0.44,4.066,
1,3.48712,222,147,58,66,,233,1.44,0.45,4.095,
1,3.49204,220,145,59,70,,231,1.47,0.48,3.896,
1,3.49727,220,144,60,72,,227,1.48,0.5,3.788,
1,3.5003,221,143,60,72,,226,1.49,0.5,3.771,
1,3.50535,223,143,60,70,,224,1.47,0.49,3.844,
1,3.5096,221,143,60,68,,226,1.49,0.48,3.993,
1,3.51436,218,143,61,69,,226,1.51,0.48,3.989,
1,3.52016,214,143,61,71,,230,1.54,0.5,3.949,
1,3.5244,211,144,61,74,,233,1.55,0.51,3.843,
1,3.52931,209,145,62,76,,232,1.55,0.52,3.777,
1,3.53469,206,145,63,77,,231,1.57,0.53,3.783,
1,3.53838,204,146,64,78,,230,1.58,0.53,3.771,
1,3.54306,203,146,65,78,,227,1.59,0.53,3.789,
1,3.54894,203,145,66,78,,224,1.6,0.54,3.789,
1,3.55319,203,145,65,78,,227,1.6,0.54,3.789,
1,3.55802,204,145,65,78,,226,1.59,0.54,3.771,
1,3.56376,205,144,66,75,,222,1.59,0.52,3.902,
1,3.56835,203,144,66,72,,224,1.61,0.5,4.105,
1,3.57349,201,144,66,73,,226,1.62,0.51,4.089,
1,3.5776,201,144,66,76,,226,1.62,0.53,3.928,
1,3.5812,201,144,66,78,,226,1.62,0.54,3.827,
1,3.58829,199,143,67,79,,225,1.65,0.55,3.817,
1,3.59304,198,142,67,80,,226,1.67,0.56,3.788,
1,3.59885,197,141,67,81,,227,1.69,0.57,3.76,
1,3.60375,195,141,67,82,,230,1.71,0.58,3.752,
1,3.60889,191,140,68,87,,231,1.76,0.62,3.611,
1,3.61154,187,140,69,96,,233,1.8,0.69,3.342,
1,3.61955,182,139,70,109,,235,1.86,0.78,3.024,
1,3.62593,175,140,72,130,,238,1.92,0.93,2.637,
1,3.63179,169,141,74,153,,240,1.97,1.09,2.32,
1,3.63659,171,141,77,165,,228,1.95,1.17,2.127,
1,3.64296,166,141,78,154,,232,2.01,1.09,2.347,
1,3.64999,150,141,79,203,,253,2.22,1.44,1.97,
1,3.65767,139,141,80,315,,270,2.4,2.23,1.37,
1,3.66374,133,141,81,384,,278,2.51,2.72,1.175,
1,3.67009,129,142,85,382,,274,2.57,2.69,1.218,
1,3.67863,128,143,89,339,,263,2.57,2.37,1.383,
1,3.68874,125,144,92,302,,261,2.61,2.1,1.589,
1,3.69721,121,145,94,305,,264,2.68,2.1,1.626,
1,3.70572,121,147,96,296,,258,2.64,2.01,1.675,
1,3.7142,122,148,97,253,,254,2.6,1.71,1.944,
1,3.72222,122,149,97,222,,254,2.59,1.49,2.215,
1,3.72954,122,150,97,222,,254,2.57,1.48,2.215,
1,3.73803,118,150,96,259,,265,2.66,1.73,1.963,
1,3.74622,117,151,92,304,,279,2.66,2.01,1.687,
1,3.75348,117,152,89,310,,288,2.64,2.04,1.654,
1,3.76349,117,153,90,276,,285,2.63,1.8,1.858,
1,3.77173,117,153,90,251,,285,2.63,1.64,2.043,
1,3.77932,116,154,90,253,,287,2.63,1.64,2.044,
1,3.79057,116,154,90,261,,287,2.63,1.69,1.982,
1,3.79788,115,155,90,265,,290,2.64,1.71,1.969,
1,3.80637,115,155,90,264,,290,2.64,1.7,1.976,
1,3.81534,115,156,91,265,,287,2.62,1.7,1.969,
1,3.82544,115,156,91,259,,287,2.62,1.66,2.014,
1,3.83393,115,157,91,252,,287,2.6,1.61,2.07,
1,3.84243,115,157,91,252,,287,2.6,1.61,2.07,
1,3.85045,115,158,91,246,,287,2.59,1.56,2.121,
1,3.85808,115,159,91,235,,287,2.57,1.48,2.22,
1,3.86827,115,160,91,236,,287,2.55,1.48,2.211,
1,3.87681,114,161,91,250,,289,2.56,1.55,2.105,
1,3.88529,114,161,91,261,,289,2.56,1.62,2.017,
1,3.89343,115,162,91,261,,287,2.52,1.61,1.999,
1,3.90082,116,162,91,253,,284,2.5,1.56,2.044,
1,3.91142,116,163,90,242,,287,2.49,1.48,2.137,
1,3.92086,116,163,90,247,,287,2.49,1.52,2.094,
1,3.92816,116,164,90,258,,287,2.47,1.57,2.005,
1,3.93667,116,165,90,257,,287,2.46,1.56,2.013,
1,3.94516,116,165,90,253,,287,2.46,1.53,2.044,
1,3.95364,116,166,90,254,,287,2.44,1.53,2.036,
1,3.96269,116,167,90,254,,287,2.43,1.52,2.036,
1,3.97229,117,167,90,240,,285,2.41,1.44,2.137,
1,3.97979,118,168,89,225,,286,2.37,1.34,2.26,
1,3.9892,117,168,89,241,,288,2.39,1.43,2.128,
1,3.9965,116,169,90,265,,287,2.4,1.57,1.952,
1,4.00474,117,169,90,264,,285,2.38,1.56,1.943,
1,4.01187,117,169,90,251,,285,2.38,1.49,2.043,
1,4.02199,117,169,89,236,,288,2.38,1.4,2.173,
1,4.03106,116,170,89,237,,291,2.38,1.39,2.182,
1,4.04103,117,170,90,244,,285,2.36,1.44,2.102,
1,4.04954,118,170,90,230,,282,2.34,1.35,2.211,
1,4.05755,118,171,90,221,,282,2.33,1.29,2.301,
1,4.06486,118,171,89,218,,286,2.33,1.27,2.332,
1,4.07334,117,172,88,221,,291,2.34,1.28,2.32,
1,4.08186,118,172,89,232,,286,2.32,1.35,2.192,
1,4.09035,119,173,89,231,,283,2.28,1.34,2.183,
1,4.09885,119,173,89,228,,283,2.28,1.32,2.211,
1,4.10733,120,174,88,227,,284,2.25,1.3,2.203,
1,4.11582,119,174,87,226,,290,2.27,1.3,2.231,
1,4.12321,119,175,88,230,,286,2.26,1.31,2.192,
1,4.12852,120,175,88,231,,284,2.24,1.32,2.165,
1,4.13801,120,175,88,229,,284,2.24,1.31,2.183,
1,4.14861,119,175,87,227,,290,2.26,1.3,2.221,
1,4.15835,119,175,87,238,,290,2.26,1.36,2.118,
1,4.16572,120,175,88,242,,284,2.24,1.38,2.066,
1,4.17568,121,175,88,224,,282,2.22,1.28,2.214,
1,4.18418,120,176,87,218,,287,2.23,1.24,2.294,
1,4.19217,119,176,87,241,,290,2.24,1.37,2.092,
1,4.19951,119,176,87,254,,290,2.24,1.44,1.985,
1,4.208,119,176,88,246,,286,2.24,1.4,2.05,
1,4.21649,119,176,88,242,,286,2.24,1.38,2.083,
1,4.22498,119,176,89,240,,283,2.24,1.36,2.101,
1,4.23347,120,175,89,231,,281,2.24,1.32,2.165,
1,4.24197,119,176,88,234,,286,2.24,1.33,2.155,
1,4.24999,119,176,87,242,,290,2.24,1.38,2.083,
1,4.25706,118,176,88,246,,289,2.26,1.4,2.067,
1,4.26414,118,176,88,249,,289,2.26,1.41,2.042,
1,4.27425,118,176,89,239,,286,2.26,1.36,2.128,
1,4.28267,118,177,88,232,,289,2.25,1.31,2.192,
1,4.29182,118,177,88,238,,289,2.25,1.34,2.136,
1,4.30182,118,177,89,237,,286,2.25,1.34,2.145,
1,4.30985,119,177,89,228,,283,2.23,1.29,2.211,
1,4.31707,119,177,89,222,,283,2.23,1.25,2.271,
1,4.32562,120,178,88,218,,284,2.2,1.22,2.294,
1,4.33408,121,178,87,211,,285,2.18,1.19,2.35,
1,4.34263,121,178,87,204,,285,2.18,1.15,2.431,
1,4.35109,121,178,87,209,,285,2.18,1.17,2.373,
1,4.35962,120,178,87,229,,287,2.2,1.29,2.183,
1,4.3681,120,178,87,240,,287,2.2,1.35,2.083,
1,4.37659,120,178,87,228,,287,2.2,1.28,2.193,
1,4.38462,121,178,87,219,,285,2.18,1.23,2.264,
1,4.39193,120,178,87,223,,287,2.2,1.25,2.242,
1,4.40044,121,178,87,227,,285,2.18,1.28,2.184,
1,4.40893,121,179,86,224,,288,2.17,1.25,2.214,
1,4.41707,121,179,86,222,,288,2.17,1.24,2.234,
1,4.42442,121,179,87,220,,285,2.17,1.23,2.254,
1,4.43397,122,179,87,213,,283,2.15,1.19,2.309,
1,4.4415,122,179,86,210,,286,2.15,1.17,2.342,
1,4.45053,122,180,85,215,,289,2.14,1.19,2.287,
1,4.4566,121,180,85,224,,292,2.16,1.24,2.214,
1,4.46642,121,180,86,241,,288,2.16,1.34,2.058,
1,4.47354,121,180,87,250,,285,2.16,1.39,1.983,
1,4.48162,122,180,87,234,,283,2.14,1.3,2.102,
1,4.49012,121,180,86,225,,288,2.16,1.25,2.204,
1,4.4986,121,180,86,231,,288,2.16,1.28,2.147,
1,4.5071,122,181,87,231,,283,2.13,1.28,2.129,
1,4.51509,123,181,86,212,,284,2.11,1.17,2.301,
1,4.52217,123,181,86,196,,284,2.11,1.08,2.489,
1,4.52925,124,181,86,200,,281,2.09,1.1,2.419,
1,4.53632,123,181,85,207,,287,2.11,1.14,2.357,
1,4.5479,121,181,85,224,,292,2.15,1.24,2.214,
1,4.5564,121,180,86,237,,288,2.16,1.32,2.092,
1,4.56489,121,180,86,230,,288,2.16,1.28,2.156,
1,4.5729,121,180,87,227,,285,2.16,1.26,2.184,
1,4.58022,120,180,86,235,,291,2.18,1.31,2.128,
1,4.58871,120,180,86,251,,291,2.18,1.39,1.992,
1,4.59721,120,180,87,250,,287,2.18,1.39,2,
1,4.6057,120,181,88,232,,284,2.16,1.28,2.155,
1,4.6142,120,181,87,224,,287,2.16,1.24,2.232,
1,4.62268,120,181,86,227,,291,2.16,1.25,2.203,
1,4.63118,119,181,87,232,,290,2.18,1.28,2.173,
1,4.63885,119,181,88,238,,286,2.18,1.31,2.118,
1,4.6449,119,181,88,246,,286,2.18,1.36,2.05,
1,4.65499,120,181,88,241,,284,2.16,1.33,2.075,
1,4.66346,120,181,87,227,,287,2.16,1.25,2.203,
1,4.67195,120,181,87,227,,287,2.16,1.25,2.203,
1,4.68048,120,182,88,233,,284,2.15,1.28,2.146,
1,4.68896,121,182,87,225,,285,2.13,1.24,2.204,
1,4.69746,121,182,87,221,,285,2.13,1.21,2.244,
1,4.70511,121,181,86,227,,288,2.15,1.25,2.184,
1,4.71118,121,181,86,227,,288,2.15,1.25,2.184,
1,4.72128,121,182,87,222,,285,2.13,1.22,2.234,
1,4.72975,122,182,87,217,,283,2.12,1.19,2.266,
1,4.73788,121,181,87,222,,285,2.15,1.23,2.234,
1,4.74528,121,181,86,229,,288,2.15,1.27,2.165,
1,4.75525,121,181,86,231,,288,2.15,1.28,2.147,
1,4.76373,120,182,87,238,,287,2.15,1.31,2.101,
1,4.77237,119,182,87,248,,290,2.17,1.36,2.033,
1,4.78115,118,182,88,258,,289,2.19,1.42,1.971,
1,4.78963,119,182,88,257,,286,2.17,1.41,1.962,
1,4.79812,119,182,88,241,,286,2.17,1.32,2.092,
1,4.80662,119,182,89,231,,283,2.17,1.27,2.183,
1,4.81511,119,182,89,231,,283,2.17,1.27,2.183,
1,4.82361,118,183,88,237,,289,2.18,1.3,2.145,
1,4.83209,119,183,88,239,,286,2.16,1.31,2.11,
1,4.84008,119,182,88,231,,286,2.17,1.27,2.183,
1,4.84742,120,183,88,224,,284,2.14,1.22,2.232,
1,4.85591,119,182,88,222,,286,2.17,1.22,2.271,
1,4.86442,119,182,88,226,,286,2.17,1.24,2.231,
1,4.87254,119,182,88,233,,286,2.17,1.28,2.164,
1,4.87993,120,181,87,235,,287,2.16,1.3,2.128,
1,4.88989,122,181,87,217,,283,2.13,1.2,2.266,
1,4.89789,122,181,87,210,,283,2.13,1.16,2.342,
1,4.90498,122,181,86,223,,286,2.13,1.23,2.205,
1,4.91205,122,181,86,233,,286,2.13,1.29,2.111,
1,4.92189,120,181,85,243,,294,2.16,1.34,2.058,
1,4.92914,120,181,86,254,,291,2.16,1.4,1.969,
1,4.93918,120,181,87,253,,287,2.16,1.4,1.976,
1,4.94767,121,181,88,227,,282,2.15,1.25,2.184,
1,4.95541,122,182,87,208,,283,2.12,1.14,2.364,
1,4.96148,122,183,86,208,,286,2.11,1.14,2.364,
1,4.97149,122,183,85,214,,289,2.11,1.17,2.298,
1,4.97999,123,182,86,216,,284,2.1,1.19,2.258,
1,4.98848,122,182,86,220,,286,2.12,1.21,2.235,
1,4.99697,124,182,86,217,,281,2.08,1.19,2.23,
1,5.00547,123,182,85,212,,287,2.1,1.16,2.301,
1,5.01303,123,182,85,214,,287,2.1,1.18,2.279,
1,5.019,123,182,85,218,,287,2.1,1.2,2.238,
1,5.02839,123,182,86,220,,284,2.1,1.21,2.217,
1,5.0357,123,182,85,219,,287,2.1,1.2,2.227,
1,5.0442,122,182,85,227,,289,2.12,1.25,2.167,
1,5.05268,121,182,85,238,,292,2.13,1.31,2.083,
1,5.06118,120,182,86,249,,291,2.15,1.37,2.008,
1,5.06928,120,182,87,260,,287,2.15,1.43,1.923,
1,5.07671,121,182,88,252,,282,2.13,1.38,1.968,
1,5.08667,121,182,87,224,,285,2.13,1.23,2.214,
1,5.09467,120,182,86,220,,291,2.15,1.21,2.273,
1,5.10198,120,182,87,231,,287,2.15,1.27,2.165,
1,5.11018,121,182,87,225,,285,2.13,1.24,2.204,
1,5.11739,120,182,87,218,,287,2.15,1.2,2.294,
1,5.12746,121,182,86,215,,288,2.13,1.18,2.306,
1,5.13597,122,183,86,211,,286,2.11,1.15,2.331,
1,5.14445,121,183,86,226,,288,2.12,1.23,2.194,
1,5.15294,120,183,86,243,,291,2.14,1.33,2.058,
1,5.16093,120,183,87,238,,287,2.14,1.3,2.101,
1,5.16827,120,183,87,228,,287,2.14,1.25,2.193,
1,5.17675,120,184,87,221,,287,2.13,1.2,2.262,
1,5.18521,121,184,87,220,,285,2.11,1.2,2.254,
1,5.19375,120,183,87,230,,287,2.14,1.26,2.174,
1,5.20224,121,184,87,235,,285,2.11,1.28,2.11,
1,5.21073,122,184,87,213,,283,2.09,1.16,2.309,
1,5.21875,122,184,86,201,,286,2.09,1.09,2.447,
1,5.22605,121,184,85,218,,292,2.11,1.18,2.275,
1,5.23453,122,184,86,219,,286,2.09,1.19,2.246,
1,5.24304,122,184,86,213,,286,2.09,1.16,2.309,
1,5.25154,122,184,86,222,,286,2.09,1.21,2.215,
1,5.26002,121,183,85,233,,292,2.12,1.27,2.128,
1,5.26851,122,182,85,234,,289,2.12,1.29,2.102,
1,5.27701,121,182,86,230,,288,2.13,1.26,2.156,
1,5.28502,120,182,86,232,,291,2.15,1.27,2.155,
1,5.29234,120,182,87,241,,287,2.15,1.32,2.075,
1,5.30079,120,182,87,241,,287,2.15,1.32,2.075,
1,5.30932,119,182,87,233,,290,2.17,1.28,2.164,
1,5.31781,118,182,88,239,,289,2.19,1.31,2.128,
1,5.32631,119,183,88,243,,286,2.16,1.33,2.075,
1,5.3348,119,183,89,234,,283,2.16,1.28,2.155,
1,5.3433,119,183,88,232,,286,2.16,1.27,2.173,
1,5.35189,119,183,88,235,,286,2.16,1.28,2.146,
1,5.36038,119,183,89,235,,283,2.16,1.28,2.146,
1,5.36756,119,184,88,229,,286,2.15,1.24,2.202,
1,5.37769,119,184,88,222,,286,2.15,1.21,2.271,
1,5.38583,120,184,87,213,,287,2.13,1.16,2.347,
1,5.39319,121,184,87,198,,285,2.11,1.08,2.504,
1,5.40316,121,184,87,204,,285,2.11,1.11,2.431,
1,5.41166,120,184,87,226,,287,2.13,1.23,2.212,
1,5.41966,120,184,87,237,,287,2.13,1.29,2.11,
1,5.42697,119,184,87,239,,290,2.15,1.3,2.11,
1,5.43547,120,183,87,241,,287,2.14,1.32,2.075,
1,5.44396,119,184,88,235,,286,2.15,1.28,2.146,
1,5.45245,120,184,88,224,,284,2.13,1.22,2.232,
1,5.46096,119,184,88,227,,286,2.15,1.23,2.221,
1,5.46942,119,183,88,231,,286,2.16,1.26,2.183,
1,5.47787,119,183,88,232,,286,2.16,1.27,2.173,
1,5.48591,119,183,88,233,,286,2.16,1.27,2.164,
1,5.49326,120,183,88,221,,284,2.14,1.21,2.262,
1,5.50175,121,183,88,203,,282,2.12,1.11,2.443,
1,5.50993,121,184,87,198,,285,2.11,1.08,2.504,
1,5.51723,120,183,86,219,,291,2.14,1.2,2.283,
1,5.52683,119,183,86,240,,293,2.16,1.31,2.101,
1,5.53431,117,184,87,264,,295,2.18,1.43,1.943,
1,5.54375,119,184,88,266,,286,2.15,1.45,1.895,
1,5.55138,119,184,89,239,,283,2.15,1.3,2.11,
1,5.56161,119,183,88,227,,286,2.16,1.24,2.221,
1,5.57011,118,183,87,243,,292,2.18,1.33,2.092,
1,5.5786,118,183,88,256,,289,2.18,1.4,1.986,
1,5.58708,119,184,89,225,,283,2.15,1.22,2.241,
1,5.59559,120,183,89,200,,281,2.14,1.09,2.5,
1,5.60408,120,184,88,208,,284,2.13,1.13,2.404,
1,5.61209,120,183,87,225,,287,2.14,1.23,2.222,
1,5.6194,121,184,87,229,,285,2.11,1.24,2.165,
1,5.62743,122,183,87,213,,283,2.11,1.16,2.309,
1,5.6335,124,184,86,191,,281,2.06,1.04,2.533,
1,5.64281,131,184,81,130,,283,1.95,0.71,3.523,
1,5.65074,137,184,66,41,,332,1.86,0.22,10.682,
1,5.65773,143,183,51,5,,411,1.8,0.03,83.916,
1,5.66555,149,183,37,0,,544,1.72,,,
1,5.67129,155,183,24,0,,806,1.66,,,
1,5.67584,159,182,11,0,,1715,1.62,,,
1,5.68342,165,181,0,0,,0,1.57,,,
1,5.68931,168,180,0,0,,0,1.55,,,
1,5.69407,173,179,16,34,,1084,1.52,0.19,10.201,
1,5.70045,176,178,66,47,,258,1.5,0.26,7.253,
1,5.70683,174,178,82,62,,210,1.52,0.35,5.562,
1,5.71228,176,178,92,84,,185,1.5,0.47,4.058,
1,5.71625,178,177,89,88,,189,1.49,0.5,3.83,
1,5.72261,181,176,85,79,,195,1.48,0.45,4.196,
1,5.72841,186,176,84,78,,192,1.44,0.44,4.136,
1,5.73211,189,176,83,77,,191,1.41,0.44,4.123,
1,5.73911,193,175,81,75,,192,1.39,0.43,4.145,
1,5.74367,195,175,79,77,,195,1.38,0.44,3.996,
1,5.74897,197,174,78,79,,195,1.37,0.45,3.855,
1,5.75369,199,174,78,76,,193,1.36,0.44,3.967,
1,5.7575,198,174,77,76,,197,1.36,0.44,3.987,
1,5.76283,195,174,77,81,,200,1.39,0.47,3.799,
1,5.76835,194,173,77,91,,201,1.4,0.53,3.399,
1,5.77405,197,172,78,92,,195,1.39,0.53,3.311,
1,5.77787,199,172,77,84,,196,1.37,0.49,3.589,
1,5.78478,199,172,77,78,,196,1.37,0.45,3.865,
1,5.78969,199,171,77,78,,196,1.38,0.46,3.865,
1,5.79511,199,172,76,81,,198,1.37,0.47,3.722,
1,5.79874,199,172,76,85,,198,1.37,0.49,3.547,
1,5.8032,199,172,76,88,,198,1.37,0.51,3.426,
1,5.80852,196,172,76,89,,201,1.39,0.52,3.44,
1,5.81408,195,172,77,90,,200,1.4,0.52,3.419,
1,5.81989,193,172,78,89,,199,1.42,0.52,3.493,
1,5.82473,193,171,78,87,,199,1.42,0.51,3.573,
1,5.83045,193,171,78,86,,199,1.42,0.5,3.615,
1,5.83505,190,170,79,92,,200,1.46,0.54,3.432,
1,5.84018,188,169,80,103,,199,1.48,0.61,3.099,
1,5.84484,195,169,80,102,,192,1.43,0.6,3.017,
1,5.85075,199,169,79,83,,191,1.4,0.49,3.633,
1,5.85551,202,169,77,69,,193,1.38,0.41,4.305,
1,5.86131,205,168,75,71,,195,1.36,0.42,4.122,
1,5.86554,206,168,74,74,,197,1.36,0.44,3.936,
1,5.87048,205,168,74,75,,198,1.36,0.45,3.902,
1,5.87587,203,167,74,76,,200,1.39,0.46,3.889,
1,5.8799,201,167,74,77,,202,1.4,0.46,3.877,
1,5.88585,200,166,75,78,,200,1.42,0.47,3.846,
1,5.8901,197,165,76,79,,200,1.45,0.48,3.855,
1,5.89488,195,164,76,82,,202,1.47,0.5,3.752,
1,5.90066,196,163,77,83,,199,1.47,0.51,3.688,
1,5.90554,199,163,78,81,,193,1.45,0.5,3.722,
1,5.91122,198,163,77,76,,197,1.46,0.47,3.987,
1,5.91584,200,164,76,75,,197,1.43,0.46,4,
1,5.92095,201,164,77,77,,194,1.43,0.47,3.877,
1,5.92519,200,163,76,78,,197,1.44,0.48,3.846,
1,5.92994,199,163,76,79,,198,1.45,0.48,3.817,
1,5.93577,200,162,75,80,,200,1.45,0.49,3.75,
1,5.9406,202,161,75,80,,198,1.45,0.5,3.713,
1,5.94611,202,160,76,79,,195,1.45,0.49,3.76,
1,5.94989,201,160,75,79,,199,1.46,0.49,3.779,
1,5.95493,202,159,75,79,,198,1.46,0.5,3.76,
1,5.95948,203,158,75,79,,197,1.47,0.5,3.741,
1,5.96499,201,158,75,79,,199,1.48,0.5,3.779,
1,5.97071,202,157,75,79,,198,1.48,0.5,3.76,
1,5.97436,201,157,75,79,,199,1.49,0.5,3.779,
1,5.97997,201,157,76,79,,196,1.49,0.5,3.779,
1,5.98568,199,156,75,79,,201,1.51,0.51,3.817,
1,5.99028,198,157,75,80,,202,1.51,0.51,3.788,
1,5.99529,198,156,76,80,,199,1.52,0.51,3.788,
1,5.99884,200,157,77,81,,195,1.5,0.52,3.704,
1,6.00598,198,157,77,81,,197,1.51,0.52,3.741,
1,6.01023,199,158,76,81,,198,1.49,0.51,3.722,
1,6.01504,200,158,76,81,,197,1.49,0.51,3.704,
1,6.02044,203,157,76,79,,194,1.47,0.5,3.741,
1,6.02346,204,157,75,77,,196,1.47,0.49,3.82,
1,6.03094,200,155,75,78,,200,1.52,0.5,3.846,
1,6.03397,200,155,75,81,,200,1.52,0.52,3.704,
1,6.03922,204,154,75,82,,196,1.5,0.53,3.587,
1,6.04453,205,154,75,81,,195,1.49,0.53,3.613,
1,6.04957,203,155,75,79,,197,1.49,0.51,3.741,
1,6.05439,201,156,75,78,,199,1.5,0.5,3.827,
1,6.06014,200,156,75,79,,200,1.51,0.51,3.797,
1,6.06506,198,157,75,80,,202,1.51,0.51,3.788,
1,6.07046,196,157,76,82,,201,1.53,0.52,3.733,
1,6.07448,196,157,77,84,,199,1.53,0.54,3.644,
1,6.08043,196,156,77,83,,199,1.54,0.53,3.688,
1,6.08516,197,156,78,83,,195,1.53,0.53,3.67,
1,6.091,200,154,77,82,,195,1.53,0.53,3.659,
1,6.09524,205,154,76,77,,193,1.49,0.5,3.801,
1,6.10012,205,153,76,71,,193,1.5,0.46,4.122,
1,6.1058,200,153,75,75,,200,1.54,0.49,4,
1,6.11042,197,152,75,86,,203,1.57,0.57,3.541,
1,6.11554,195,152,76,92,,202,1.59,0.61,3.344,
1,6.12023,196,152,77,92,,199,1.58,0.61,3.327,
1,6.1261,194,151,78,92,,198,1.6,0.61,3.362,
1,6.13088,191,150,78,99,,201,1.64,0.66,3.173,
1,6.13666,190,149,79,106,,200,1.66,0.71,2.979,
1,6.14155,189,149,79,106,,201,1.67,0.71,2.995,
1,6.14723,190,149,79,103,,200,1.66,0.69,3.066,
1,6.15185,190,148,80,98,,197,1.67,0.66,3.222,
1,6.15696,190,148,80,92,,197,1.67,0.62,3.432,
1,6.16165,193,148,80,87,,194,1.65,0.59,3.573,
1,6.16752,196,148,79,79,,194,1.62,0.53,3.875,
1,6.17231,196,148,78,75,,196,1.62,0.51,4.082,
1,6.17808,194,148,78,76,,198,1.64,0.51,4.069,
1,6.18299,195,148,78,80,,197,1.63,0.54,3.846,
1,6.18841,195,147,78,82,,197,1.64,0.56,3.752,
1,6.19242,193,146,78,83,,199,1.67,0.57,3.746,
1,6.19838,191,146,77,85,,204,1.69,0.58,3.696,
1,6.20308,189,145,78,86,,204,1.72,0.59,3.691,
1,6.20945,185,145,79,91,,205,1.75,0.63,3.564,
1,6.21526,179,145,81,108,,207,1.81,0.74,3.104,
1,6.22012,178,145,83,124,,203,1.82,0.86,2.718,
1,6.22649,178,146,84,122,,201,1.81,0.84,2.763,
1,6.2319,177,146,85,111,,199,1.82,0.76,3.054,
1,6.23592,177,146,86,105,,197,1.82,0.72,3.228,
1,6.24228,178,146,86,101,,196,1.81,0.69,3.337,
1,6.24842,179,147,85,94,,197,1.79,0.64,3.566,
1,6.25367,178,147,84,89,,201,1.8,0.61,3.787,
1,6.2582,178,146,85,90,,198,1.81,0.62,3.745,
1,6.26568,174,146,86,101,,200,1.85,0.69,3.414,
1,6.27274,156,146,84,171,,229,2.06,1.17,2.249,
1,6.27988,138,145,82,321,,265,2.35,2.21,1.354,
1,6.28442,132,145,81,433,,281,2.46,2.99,1.05,
1,6.29448,127,147,84,430,,281,2.52,2.93,1.099,
1,6.30298,122,148,88,396,,279,2.6,2.68,1.242,
1,6.31112,119,150,92,372,,274,2.63,2.48,1.355,
1,6.31849,117,150,94,345,,273,2.68,2.3,1.486,
1,6.32846,116,153,96,324,,269,2.65,2.12,1.596,
1,6.33764,115,154,97,313,,269,2.65,2.03,1.667,
1,6.34702,113,154,98,304,,271,2.7,1.97,1.747,
1,6.35436,113,156,99,296,,268,2.67,1.9,1.794,
1,6.36266,112,157,100,291,,268,2.67,1.85,1.841,
1,6.37024,113,158,101,281,,263,2.63,1.78,1.89,
1,6.38129,113,159,103,261,,258,2.62,1.64,2.034,
1,6.38735,111,159,105,261,,257,2.66,1.64,2.071,
1,6.40091,110,160,98,305,,278,2.67,1.91,1.788,
1,6.40935,110,161,94,314,,290,2.65,1.95,1.737,
1,6.41807,110,162,94,292,,290,2.64,1.8,1.868,
1,6.42685,110,162,94,295,,290,2.64,1.82,1.849,
1,6.43577,110,163,94,306,,290,2.62,1.88,1.783,
1,6.44589,110,164,94,296,,290,2.61,1.8,1.843,
1,6.4544,111,164,94,273,,288,2.58,1.66,1.98,
1,6.46288,112,165,93,259,,288,2.54,1.57,2.068,
1,6.47203,112,166,93,253,,288,2.53,1.52,2.117,
1,6.48146,113,166,92,252,,289,2.51,1.52,2.107,
1,6.48876,112,167,92,261,,291,2.51,1.56,2.053,
1,6.49765,112,168,92,272,,291,2.5,1.62,1.97,
1,6.50753,112,169,91,277,,294,2.48,1.64,1.934,
1,6.51477,112,169,91,280,,294,2.48,1.66,1.913,
1,6.52537,112,170,92,277,,291,2.47,1.63,1.934,
1,6.53538,112,170,92,275,,291,2.47,1.62,1.948,
1,6.54388,112,171,93,264,,288,2.45,1.54,2.029,
1,6.55188,113,172,92,248,,289,2.42,1.44,2.141,
1,6.55924,114,172,91,242,,289,2.4,1.41,2.175,
1,6.56811,113,173,92,248,,289,2.4,1.43,2.141,
1,6.57666,114,173,91,256,,289,2.38,1.48,2.056,
1,6.58675,115,173,91,251,,287,2.36,1.45,2.079,
1,6.5958,115,175,90,243,,290,2.34,1.39,2.147,
1,6.60579,116,175,89,237,,291,2.32,1.35,2.182,
1,6.61429,116,175,90,228,,287,2.32,1.3,2.269,
1,6.62229,116,176,89,226,,291,2.3,1.28,2.289,
1,6.62961,116,176,89,226,,291,2.3,1.28,2.289,
1,6.63784,117,176,88,226,,291,2.28,1.28,2.269,
1,6.64502,117,176,88,233,,291,2.28,1.32,2.201,
1,6.65562,116,177,89,248,,291,2.29,1.4,2.086,
1,6.66566,115,177,89,269,,293,2.31,1.52,1.94,
1,6.67416,115,177,90,274,,290,2.31,1.55,1.904,
1,6.68264,116,177,89,264,,291,2.29,1.49,1.959,
1,6.69063,116,177,89,243,,291,2.29,1.37,2.129,
1,6.69771,117,177,89,228,,288,2.27,1.29,2.249,
1,6.70486,118,178,88,223,,289,2.24,1.25,2.28,
1,6.71702,117,178,88,231,,291,2.26,1.3,2.22,
1,6.72516,117,179,87,246,,295,2.24,1.37,2.085,
1,6.73253,117,179,87,245,,295,2.24,1.37,2.093,
1,6.74175,117,179,88,240,,291,2.24,1.34,2.137,
1,6.74783,117,179,89,242,,288,2.24,1.35,2.119,
1,6.75781,117,179,89,251,,288,2.24,1.4,2.043,
1,6.76627,117,179,89,259,,288,2.24,1.45,1.98,
1,6.77525,117,180,88,258,,291,2.23,1.43,1.988,
1,6.78538,117,180,88,253,,291,2.23,1.41,2.027,
1,6.7935,117,180,89,249,,288,2.23,1.38,2.06,
1,6.8009,117,181,89,245,,288,2.22,1.35,2.093,
1,6.81086,116,181,88,251,,294,2.24,1.39,2.061,
1,6.81888,116,181,88,264,,294,2.24,1.46,1.959,
1,6.82596,116,181,88,262,,294,2.24,1.45,1.974,
1,6.83303,116,182,89,257,,291,2.23,1.41,2.013,
1,6.84494,116,182,89,258,,291,2.23,1.42,2.005,
1,6.85218,115,182,89,259,,293,2.25,1.42,2.014,
1,6.86223,115,182,89,254,,293,2.25,1.4,2.054,
1,6.87072,115,182,89,240,,293,2.25,1.32,2.174,
1,6.87988,116,182,90,228,,287,2.23,1.25,2.269,
1,6.88929,117,182,90,224,,285,2.21,1.23,2.289,
1,6.8966,118,183,89,220,,286,2.18,1.2,2.311,
1,6.90509,118,184,88,216,,289,2.16,1.17,2.354,
1,6.9136,118,184,87,223,,292,2.16,1.21,2.28,
1,6.92208,118,184,88,245,,289,2.16,1.33,2.075,
1,6.93058,118,184,88,257,,289,2.16,1.4,1.979,
1,6.93907,117,184,88,257,,291,2.18,1.4,1.995,
1,6.94756,118,184,87,252,,292,2.16,1.37,2.018,
1,6.95556,118,184,87,239,,292,2.16,1.3,2.128,
1,6.96323,117,184,88,239,,291,2.18,1.3,2.146,
1,6.97344,117,184,88,249,,291,2.18,1.35,2.06,
1,6.98194,116,184,88,265,,294,2.2,1.44,1.952,
1,6.99043,116,184,88,267,,294,2.2,1.45,1.937,
1,6.99893,117,184,88,246,,291,2.18,1.34,2.085,
1,7.00741,117,184,88,239,,291,2.18,1.3,2.146,
1,7.01588,116,184,88,252,,294,2.2,1.37,2.053,
1,7.02407,116,185,89,256,,291,2.19,1.38,2.02,
1,7.03167,116,185,88,251,,294,2.19,1.36,2.061,
1,7.04181,116,185,88,245,,294,2.19,1.32,2.111,
1,7.0503,116,185,89,239,,291,2.19,1.29,2.164,
1,7.05879,116,185,89,247,,291,2.19,1.34,2.094,
1,7.06728,116,185,89,255,,291,2.19,1.38,2.028,
1,7.07642,117,186,88,246,,291,2.16,1.32,2.085,
1,7.08633,116,187,88,241,,294,2.17,1.29,2.146,
1,7.09432,116,186,88,243,,294,2.18,1.31,2.129,
1,7.1014,118,186,89,234,,286,2.14,1.26,2.173,
1,7.10854,117,186,89,226,,288,2.16,1.22,2.269,
1,7.11865,117,186,88,238,,291,2.16,1.28,2.155,
1,7.12714,118,186,88,235,,289,2.14,1.26,2.164,
1,7.13523,118,186,88,222,,289,2.14,1.19,2.29,
1,7.14268,118,186,88,221,,289,2.14,1.19,2.301,
1,7.15273,117,186,88,235,,291,2.16,1.26,2.182,
1,7.16151,117,185,88,255,,291,2.17,1.38,2.011,
1,7.17001,116,186,88,262,,294,2.18,1.41,1.974,
1,7.17821,117,186,88,259,,291,2.16,1.39,1.98,
1,7.18545,118,187,89,245,,286,2.13,1.31,2.075,
1,7.1955,118,186,88,224,,289,2.14,1.2,2.27,
1,7.20399,118,186,88,220,,289,2.14,1.18,2.311,
1,7.21247,118,186,87,230,,292,2.14,1.24,2.211,
1,7.22049,118,186,87,234,,292,2.14,1.26,2.173,
1,7.22816,118,186,88,232,,289,2.14,1.25,2.192,
1,7.23838,118,187,88,236,,289,2.13,1.26,2.155,
1,7.24687,118,187,88,243,,289,2.13,1.3,2.092,
1,7.25535,118,187,87,242,,292,2.13,1.29,2.101,
1,7.26384,118,187,87,235,,292,2.13,1.26,2.164,
1,7.27233,118,187,88,226,,289,2.13,1.21,2.25,
1,7.28038,118,187,88,223,,289,2.13,1.19,2.28,
1,7.28744,118,187,87,228,,292,2.13,1.22,2.23,
1,7.29454,118,186,87,235,,292,2.14,1.26,2.164,
1,7.30464,120,186,87,228,,287,2.11,1.23,2.193,
1,7.31315,120,186,87,211,,287,2.11,1.13,2.37,
1,7.32163,121,186,86,208,,288,2.09,1.12,2.384,
1,7.32946,120,186,86,216,,291,2.11,1.16,2.315,
1,7.33553,120,186,85,226,,294,2.11,1.22,2.212,
1,7.34709,120,186,85,232,,294,2.11,1.25,2.155,
1,7.35507,120,186,86,232,,291,2.11,1.25,2.155,
1,7.36243,119,186,86,241,,293,2.12,1.3,2.092,
1,7.37093,120,186,87,248,,287,2.11,1.33,2.016,
1,7.37943,120,186,86,237,,291,2.11,1.27,2.11,
1,7.3879,120,186,85,225,,294,2.11,1.21,2.222,
1,7.39639,120,187,86,225,,291,2.09,1.2,2.222,
1,7.4055,120,187,86,222,,291,2.09,1.19,2.252,
1,7.41545,120,187,86,218,,291,2.09,1.17,2.294,
1,7.42345,120,187,85,223,,294,2.09,1.19,2.242,
1,7.43079,120,187,85,226,,294,2.09,1.21,2.212,
1,7.43929,120,187,86,219,,291,2.09,1.17,2.283,
1,7.44778,119,187,86,225,,293,2.11,1.2,2.241,
1,7.45627,119,187,87,243,,290,2.11,1.3,2.075,
1,7.46472,120,187,86,236,,291,2.09,1.26,2.119,
1,7.47316,119,188,86,223,,293,2.1,1.19,2.261,
1,7.48127,119,187,86,228,,293,2.11,1.22,2.211,
1,7.48859,120,187,86,231,,291,2.09,1.24,2.165,
1,7.49681,120,187,87,221,,287,2.09,1.18,2.262,
1,7.50393,120,188,87,213,,287,2.08,1.13,2.347,
1,7.51373,120,188,86,215,,291,2.08,1.14,2.326,
1,7.52105,120,188,86,218,,291,2.08,1.16,2.294,
1,7.53104,120,188,86,218,,291,2.08,1.16,2.294,
1,7.53952,121,188,86,219,,288,2.07,1.16,2.264,
1,7.54755,121,188,86,219,,288,2.07,1.16,2.264,
1,7.55487,122,188,85,216,,289,2.05,1.15,2.277,
1,7.56337,122,187,85,208,,289,2.06,1.11,2.364,
1,7.57186,122,187,85,209,,289,2.06,1.12,2.353,
1,7.58034,122,187,85,214,,289,2.06,1.14,2.298,
1,7.58845,122,187,85,216,,289,2.06,1.16,2.277,
1,7.59587,121,187,84,226,,295,2.08,1.21,2.194,
1,7.60583,121,187,84,242,,295,2.08,1.29,2.049,
1,7.61383,121,186,85,249,,292,2.09,1.34,1.991,
1,7.62116,120,187,86,248,,291,2.09,1.33,2.016,
1,7.62937,119,186,86,250,,293,2.12,1.34,2.017,
1,7.63655,119,186,86,250,,293,2.12,1.34,2.017,
1,7.64662,119,187,86,236,,293,2.11,1.26,2.136,
1,7.65511,118,187,87,231,,292,2.13,1.24,2.201,
1,7.66318,119,187,87,235,,290,2.11,1.26,2.146,
1,7.67045,118,186,87,226,,292,2.14,1.22,2.25,
1,7.67894,118,187,86,224,,296,2.13,1.2,2.27,
1,7.68718,119,187,86,227,,293,2.11,1.21,2.221,
1,7.69427,118,187,87,234,,292,2.13,1.25,2.173,
1,7.70441,119,187,87,246,,290,2.11,1.32,2.05,
1,7.71292,120,187,87,237,,287,2.09,1.27,2.11,
1,7.72101,120,187,86,224,,291,2.09,1.2,2.232,
1,7.72876,121,187,86,223,,288,2.08,1.19,2.224,
1,7.74046,120,187,86,227,,291,2.09,1.21,2.203,
1,7.74845,120,188,86,237,,291,2.08,1.26,2.11,
1,7.75534,120,188,86,247,,291,2.08,1.31,2.024,
1,7.7614,119,188,86,250,,293,2.1,1.33,2.017,
1,7.77118,118,187,86,257,,296,2.13,1.37,1.979,
1,7.78126,119,187,87,256,,290,2.11,1.37,1.97,
1,7.78976,119,188,87,232,,290,2.1,1.23,2.173,
1,7.79824,119,188,87,222,,290,2.1,1.18,2.271,
1,7.80626,120,188,86,222,,291,2.08,1.18,2.252,
1,7.81358,119,188,86,225,,293,2.1,1.2,2.241,
1,7.82206,118,188,86,245,,296,2.12,1.3,2.075,
1,7.83056,118,189,87,264,,292,2.11,1.4,1.926,
1,7.83906,119,187,87,257,,290,2.11,1.37,1.962,
1,7.84755,119,188,88,248,,286,2.1,1.32,2.033,
1,7.85603,119,187,87,246,,290,2.11,1.32,2.05,
1,7.86406,119,186,86,243,,293,2.12,1.31,2.075,
1,7.87129,119,186,87,242,,290,2.12,1.3,2.083,
1,7.87962,120,186,87,238,,287,2.11,1.28,2.101,
1,7.88668,121,186,86,229,,288,2.09,1.23,2.165,
1,7.89524,122,186,85,219,,289,2.07,1.18,2.246,
1,7.90585,120,187,85,219,,294,2.09,1.17,2.283,
1,7.91588,118,186,85,249,,299,2.14,1.34,2.042,
1,7.92436,118,187,86,277,,296,2.13,1.48,1.836,
1,7.9324,117,187,87,276,,295,2.15,1.48,1.858,
1,7.93972,117,187,87,262,,295,2.15,1.4,1.957,
1,7.94822,117,187,88,255,,291,2.15,1.36,2.011,
1,7.95671,118,187,88,240,,289,2.13,1.28,2.119,
1,7.9652,118,187,88,226,,289,2.13,1.21,2.25,
1,7.97368,117,188,88,235,,291,2.14,1.25,2.182,
1,7.98215,118,188,87,243,,292,2.12,1.29,2.092,
1,7.9913,118,188,87,236,,292,2.12,1.26,2.155,
1,8.00045,119,188,88,227,,286,2.1,1.21,2.221,
1,8.00651,119,188,87,222,,290,2.1,1.18,2.271,
1,8.01657,120,188,87,221,,287,2.08,1.18,2.262,
1,8.02506,119,188,86,226,,293,2.1,1.2,2.231,
1,8.03354,119,189,86,240,,293,2.09,1.27,2.101,
1,8.04204,119,189,87,242,,290,2.09,1.28,2.083,
1,8.05054,120,189,87,232,,287,2.07,1.23,2.155,
1,8.05902,120,189,86,230,,291,2.07,1.22,2.174,
1,8.06704,120,189,85,233,,294,2.07,1.23,2.146,
1,8.07436,120,189,85,231,,294,2.07,1.22,2.165,
1,8.08285,120,189,86,223,,291,2.07,1.18,2.242,
1,8.09134,120,189,86,221,,291,2.07,1.17,2.262,
1,8.0995,120,189,86,233,,291,2.07,1.23,2.146,
1,8.1068,119,189,86,250,,293,2.09,1.32,2.017,
1,8.1168,119,188,86,241,,293,2.1,1.28,2.092,
1,8.12526,119,188,87,225,,290,2.1,1.2,2.241,
1,8.13332,120,188,87,223,,287,2.08,1.19,2.242,
1,8.14024,120,188,87,220,,287,2.08,1.17,2.273,
1,8.14631,120,189,86,220,,291,2.07,1.16,2.273,
1,8.15762,121,188,85,219,,292,2.07,1.16,2.264,
1,8.16578,121,189,86,215,,288,2.06,1.14,2.306,
1,8.17309,121,188,86,213,,288,2.07,1.13,2.328,
1,8.18268,121,188,86,211,,288,2.07,1.12,2.35,
1,8.19019,121,188,86,213,,288,2.07,1.13,2.328,
1,8.1996,121,188,85,215,,292,2.07,1.14,2.306,
1,8.20692,122,188,85,211,,289,2.05,1.12,2.331,
1,8.21514,122,189,85,204,,289,2.04,1.08,2.411,
1,8.22228,122,188,85,203,,289,2.05,1.08,2.423,
1,8.23236,121,188,85,218,,292,2.07,1.16,2.275,
1,8.24088,121,188,84,233,,295,2.07,1.24,2.128,
1,8.24937,122,188,85,227,,289,2.05,1.21,2.167,
1,8.25787,124,188,85,190,,285,2.02,1.01,2.547,
1,8.26552,126,188,84,155,,283,1.98,0.82,3.072,
1,8.27158,126,188,83,144,,287,1.98,0.77,3.307,
1,8.27962,123,188,82,189,,297,2.03,1.01,2.581,
1,8.28811,125,187,83,234,,289,2.01,1.25,2.051,
1,8.29661,131,187,80,173,,286,1.92,0.93,2.647,
1,8.30451,137,187,66,81,,332,1.83,0.43,5.407,
1,8.31057,144,187,53,32,,393,1.75,0.17,13.021,
1,8.31623,148,186,40,12,,507,1.71,0.06,33.784,
1,8.32326,154,186,29,3,,672,1.64,0.02,129.87,
1,8.32875,159,185,19,1,,993,1.6,0.01,377.358,
1,8.33512,163,184,8,11,,2301,1.57,0.06,33.463,
1,8.34148,170,183,18,23,,980,1.51,0.13,15.345,
1,8.34785,176,183,81,29,,210,1.46,0.16,11.755,
1,8.35343,179,182,91,37,,184,1.44,0.2,9.059,
1,8.35747,180,182,89,48,,187,1.43,0.26,6.944,
1,8.3642,187,181,87,52,,184,1.39,0.29,6.17,
1,8.36855,190,181,85,49,,186,1.37,0.27,6.445,
1,8.3731,193,180,83,48,,187,1.35,0.27,6.477,
1,8.37863,196,180,81,53,,189,1.33,0.29,5.776,
1,8.38449,201,179,80,59,,187,1.31,0.33,5.059,
1,8.38928,206,179,79,60,,184,1.27,0.34,4.854,
1,8.39505,205,179,77,60,,190,1.28,0.34,4.878,
1,8.39893,209,178,77,62,,186,1.26,0.35,4.63,
1,8.40196,213,177,76,64,,185,1.25,0.36,4.401,
1,8.40714,217,177,75,61,,184,1.22,0.34,4.533,
1,8.41245,219,176,74,58,,185,1.22,0.33,4.724,
1,8.41751,223,176,72,62,,187,1.2,0.35,4.34,
1,8.42177,227,177,71,64,,186,1.17,0.36,4.13,
1,8.42602,228,176,70,65,,188,1.17,0.37,4.049,
1,8.43026,226,175,69,64,,192,1.19,0.37,4.148,
1,8.43451,227,175,68,64,,194,1.18,0.37,4.13,
1,8.43852,228,174,69,64,,191,1.18,0.37,4.112,
1,8.44254,226,174,69,64,,192,1.2,0.37,4.148,
1,8.44849,222,172,69,64,,196,1.23,0.37,4.223,
1,8.45274,219,171,69,66,,199,1.26,0.39,4.151,
1,8.45698,216,171,70,67,,198,1.27,0.39,4.146,
1,8.4618,215,171,71,68,,197,1.28,0.4,4.104,
1,8.46755,213,170,72,69,,196,1.3,0.41,4.082,
1,8.47179,211,170,73,71,,195,1.31,0.42,4.005,
1,8.4758,209,169,73,72,,197,1.33,0.43,3.987,
1,8.47983,207,169,74,73,,196,1.34,0.43,3.971,
1,8.48577,204,169,75,74,,196,1.36,0.44,3.975,
1,8.49047,205,169,76,75,,193,1.36,0.44,3.902,
1,8.49616,207,168,77,72,,188,1.35,0.43,4.026,
1,8.49976,207,168,76,67,,191,1.35,0.4,4.326,
1,8.50412,208,167,75,63,,192,1.35,0.38,4.579,
1,8.50976,213,167,75,66,,188,1.32,0.4,4.268,
1,8.51497,218,166,74,67,,186,1.3,0.4,4.108,
1,8.518,221,165,73,65,,186,1.29,0.39,4.177,
1,8.52292,223,164,71,64,,189,1.29,0.39,4.204,
1,8.52651,222,164,70,63,,193,1.29,0.38,4.29,
1,8.53181,221,164,70,65,,194,1.3,0.4,4.177,
1,8.53713,220,164,71,66,,192,1.3,0.4,4.132,
1,8.54211,225,164,71,64,,188,1.27,0.39,4.167,
1,8.54636,226,163,71,59,,187,1.28,0.36,4.5,
1,8.55004,223,163,70,57,,192,1.29,0.35,4.72,
1,8.5527,222,162,69,59,,196,1.31,0.36,4.581,
1,8.55867,223,162,70,62,,192,1.3,0.38,4.34,
1,8.56442,223,161,70,66,,192,1.31,0.41,4.077,
1,8.56807,222,160,71,68,,190,1.32,0.43,3.975,
1,8.57307,219,160,70,70,,196,1.34,0.44,3.914,
1,8.5771,219,159,69,73,,199,1.35,0.46,3.753,
1,8.58064,223,159,68,73,,198,1.33,0.46,3.686,
1,8.58418,226,159,68,69,,195,1.31,0.43,3.848,
1,8.58963,230,159,67,63,,195,1.29,0.4,4.141,
1,8.59554,232,159,65,60,,199,1.27,0.38,4.31,
1,8.5998,231,159,65,61,,200,1.28,0.38,4.258,
1,8.60403,230,159,64,64,,204,1.29,0.4,4.076,
1,8.60829,231,159,64,67,,203,1.28,0.42,3.877,
1,8.61253,227,159,65,68,,203,1.3,0.43,3.887,
1,8.61654,227,160,67,69,,197,1.29,0.43,3.831,
1,8.6202,226,160,68,69,,195,1.3,0.43,3.848,
1,8.62486,223,160,69,68,,195,1.32,0.43,3.957,
1,8.63076,222,159,70,67,,193,1.33,0.42,4.034,
1,8.63501,220,159,70,67,,195,1.34,0.42,4.071,
1,8.63926,219,158,70,67,,196,1.36,0.42,4.089,
1,8.64349,219,158,71,68,,193,1.36,0.43,4.029,
1,8.64842,218,158,70,68,,197,1.36,0.43,4.047,
1,8.65382,216,158,71,68,,196,1.38,0.43,4.085,
1,8.65748,214,158,72,69,,195,1.39,0.44,4.063,
1,8.66172,212,157,72,73,,197,1.41,0.46,3.877,
1,8.66644,215,156,73,76,,191,1.4,0.49,3.672,
1,8.67229,218,155,72,73,,191,1.39,0.47,3.77,
1,8.67653,220,155,72,68,,189,1.38,0.44,4.011,
1,8.68077,220,155,72,67,,189,1.38,0.43,4.071,
1,8.68502,219,156,71,67,,193,1.38,0.43,4.089,
1,8.68962,218,156,71,69,,194,1.38,0.44,3.989,
1,8.69463,213,156,71,73,,198,1.41,0.47,3.859,
1,8.69819,212,156,72,79,,197,1.42,0.51,3.583,
1,8.70325,215,156,73,80,,191,1.4,0.51,3.488,
1,8.70803,218,156,73,76,,189,1.38,0.49,3.621,
1,8.71381,217,155,72,73,,192,1.4,0.47,3.788,
1,8.71806,216,154,71,71,,196,1.41,0.46,3.912,
1,8.72231,215,154,71,70,,197,1.42,0.45,3.987,
1,8.72693,214,153,72,70,,195,1.44,0.46,4.005,
1,8.73203,215,152,73,68,,191,1.44,0.45,4.104,
1,8.73624,213,151,73,65,,193,1.46,0.43,4.334,
1,8.74103,209,151,72,64,,199,1.49,0.42,4.486,
1,8.74666,206,152,74,68,,197,1.5,0.45,4.283,
1,8.75037,204,152,75,72,,196,1.52,0.47,4.085,
1,8.75566,206,152,76,73,,192,1.5,0.48,3.99,
1,8.76079,210,152,76,71,,188,1.47,0.47,4.024,
1,8.76507,211,152,75,65,,190,1.47,0.43,4.375,
1,8.76919,213,151,74,62,,190,1.46,0.41,4.543,
1,8.77283,216,150,73,65,,190,1.45,0.43,4.274,
1,8.77989,218,149,72,67,,191,1.45,0.45,4.108,
1,8.78413,215,149,72,68,,194,1.47,0.46,4.104,
1,8.78838,212,149,72,69,,197,1.49,0.46,4.102,
1,8.79329,212,149,72,70,,197,1.49,0.47,4.043,
1,8.7987,215,149,73,71,,191,1.47,0.48,3.931,
1,8.80235,214,150,73,71,,192,1.46,0.47,3.949,
1,8.80647,213,150,73,71,,193,1.47,0.47,3.967,
1,8.81011,213,149,73,71,,193,1.48,0.48,3.967,
1,8.81717,214,149,73,70,,192,1.47,0.47,4.005,
1,8.82122,218,149,73,68,,189,1.45,0.46,4.047,
1,8.82494,220,147,73,65,,187,1.45,0.44,4.196,
1,8.83024,215,146,72,67,,194,1.5,0.46,4.165,
1,8.83539,214,146,72,72,,195,1.5,0.49,3.894,
1,8.83964,214,146,72,74,,195,1.5,0.51,3.789,
1,8.84431,209,146,72,77,,199,1.54,0.53,3.728,
1,8.85019,196,146,73,96,,210,1.64,0.66,3.189,
1,8.85494,191,145,74,127,,212,1.7,0.88,2.474,
1,8.86076,190,145,76,131,,208,1.71,0.9,2.411,
1,8.86563,189,145,77,111,,206,1.72,0.77,2.86,
1,8.87133,187,146,78,100,,206,1.72,0.68,3.209,
1,8.87656,176,145,78,127,,219,1.84,0.88,2.684,
1,8.88352,152,146,78,214,,253,2.12,1.47,1.845,
1,8.89031,144,146,78,324,,267,2.24,2.22,1.286,
1,8.89832,136,146,81,376,,272,2.37,2.58,1.173,
1,8.90523,131,147,86,358,,266,2.44,2.44,1.279,
1,8.91371,128,148,90,331,,260,2.48,2.24,1.416,
1,8.92221,125,149,93,312,,258,2.52,2.09,1.538,
1,8.93072,124,150,94,284,,257,2.53,1.89,1.704,
1,8.9387,122,151,95,266,,259,2.55,1.76,1.849,
1,8.94603,122,152,96,263,,256,2.53,1.73,1.87,
1,8.95454,120,153,98,261,,255,2.56,1.71,1.916,
1,8.9627,119,154,99,262,,255,2.56,1.7,1.924,
1,8.97,118,154,100,267,,254,2.59,1.73,1.904,
1,8.98,118,155,100,264,,254,2.57,1.7,1.926,
1,8.9885,117,156,101,263,,254,2.58,1.69,1.95,
1,8.99652,117,156,102,266,,251,2.58,1.71,1.928,
1,9.00383,116,157,103,263,,251,2.58,1.68,1.967,
1,9.01274,116,157,103,253,,251,2.58,1.61,2.044,
1,9.02289,116,158,102,241,,254,2.56,1.53,2.146,
1,9.03104,115,158,102,248,,256,2.59,1.57,2.104,
1,9.03837,115,159,103,262,,253,2.57,1.65,1.991,
1,9.04835,115,159,104,261,,251,2.57,1.64,1.999,
1,9.05696,115,159,104,258,,251,2.57,1.62,2.022,
1,9.06556,115,159,104,255,,251,2.57,1.6,2.046,
1,9.07264,116,160,104,248,,249,2.53,1.55,2.086,
1,9.08273,116,161,103,233,,251,2.52,1.45,2.22,
1,9.09091,117,162,103,224,,249,2.48,1.38,2.289,
1,9.09819,117,162,103,227,,249,2.48,1.4,2.259,
1,9.10784,117,163,102,234,,251,2.46,1.44,2.192,
1,9.11527,117,163,101,240,,254,2.46,1.47,2.137,
1,9.12533,118,164,101,232,,252,2.43,1.41,2.192,
1,9.13411,118,165,102,221,,249,2.41,1.34,2.301,
1,9.14235,119,165,101,217,,250,2.39,1.32,2.324,
1,9.14945,119,166,101,213,,250,2.38,1.28,2.367,
1,9.1596,120,166,100,207,,250,2.36,1.25,2.415,
1,9.16808,120,167,100,211,,250,2.35,1.26,2.37,
1,9.17571,120,167,100,230,,250,2.35,1.38,2.174,
1,9.18101,119,168,100,245,,252,2.35,1.46,2.058,
1,9.19356,120,168,100,246,,250,2.33,1.46,2.033,
1,9.20155,120,168,100,228,,250,2.33,1.36,2.193,
1,9.20844,120,169,99,223,,253,2.32,1.32,2.242,
1,9.21451,120,169,100,221,,250,2.32,1.31,2.262,
1,9.22587,120,170,100,227,,250,2.3,1.34,2.203,
1,9.23435,121,170,100,233,,248,2.28,1.37,2.128,
1,9.24285,121,170,99,220,,250,2.28,1.29,2.254,
1,9.25134,121,171,99,220,,250,2.27,1.29,2.254,
1,9.25984,121,171,99,231,,250,2.27,1.35,2.147,
1,9.26783,121,172,99,229,,250,2.26,1.33,2.165,
1,9.27516,121,172,99,223,,250,2.26,1.3,2.224,
1,9.28366,121,172,98,220,,253,2.26,1.28,2.254,
1,9.29215,122,172,98,213,,251,2.24,1.24,2.309,
1,9.30064,123,173,98,200,,249,2.21,1.16,2.439,
1,9.30874,123,173,97,197,,251,2.21,1.14,2.476,
1,9.31622,121,173,97,217,,256,2.25,1.25,2.285,
1,9.32565,116,174,93,305,,278,2.33,1.75,1.696,
1,9.33295,115,173,89,375,,293,2.36,2.17,1.391,
1,9.34144,113,174,89,363,,298,2.39,2.09,1.463,
1,9.35041,112,174,90,330,,298,2.41,1.9,1.623,
1,9.3605,112,174,91,294,,294,2.41,1.69,1.822,
1,9.369,112,174,91,277,,294,2.41,1.59,1.934,
1,9.37759,112,175,91,269,,294,2.4,1.54,1.992,
1,9.3866,112,175,91,258,,294,2.4,1.47,2.076,
1,9.39606,112,175,90,250,,298,2.4,1.43,2.143,
1,9.40344,112,176,91,253,,294,2.38,1.44,2.117,
1,9.4123,113,177,91,259,,292,2.35,1.46,2.05,
1,9.42212,112,177,91,268,,294,2.37,1.51,1.999,
1,9.42951,112,178,91,275,,294,2.36,1.54,1.948,
1,9.4415,112,179,90,268,,298,2.34,1.5,1.999,
1,9.44999,112,179,90,268,,298,2.34,1.5,1.999,
1,9.45848,113,179,91,268,,292,2.32,1.5,1.981,
1,9.46709,113,180,91,258,,292,2.31,1.43,2.058,
1,9.47587,114,181,91,246,,289,2.28,1.36,2.139,
1,9.48436,113,181,90,247,,295,2.3,1.36,2.15,
1,9.49332,113,182,90,261,,295,2.29,1.43,2.034,
1,9.50342,113,182,91,267,,292,2.29,1.47,1.989,
1,9.51191,113,183,91,263,,292,2.27,1.44,2.019,
1,9.5204,114,182,91,251,,289,2.27,1.38,2.097,
1,9.52844,114,183,90,240,,292,2.25,1.31,2.193,
1,9.53605,114,183,89,237,,296,2.25,1.3,2.221,
1,9.54629,115,183,89,237,,293,2.23,1.3,2.201,
1,9.55477,115,183,89,237,,293,2.23,1.3,2.201,
1,9.56296,115,183,89,239,,293,2.23,1.31,2.183,
1,9.57026,115,183,88,247,,296,2.23,1.35,2.112,
1,9.58085,115,183,88,250,,296,2.23,1.37,2.087,
1,9.59082,115,184,89,251,,293,2.22,1.36,2.079,
1,9.59886,116,184,89,255,,291,2.2,1.39,2.028,
1,9.60616,116,184,89,253,,291,2.2,1.38,2.044,
1,9.61438,116,184,88,246,,294,2.2,1.34,2.103,
1,9.62151,116,185,87,245,,297,2.19,1.32,2.111,
1,9.63213,117,185,88,240,,291,2.17,1.3,2.137,
1,9.64183,118,186,87,230,,292,2.14,1.24,2.211,
1,9.64922,118,186,87,230,,292,2.14,1.24,2.211,
1,9.65919,117,186,86,244,,298,2.16,1.31,2.102,
1,9.66719,117,186,87,250,,295,2.16,1.34,2.051,
1,9.6745,117,186,88,248,,291,2.16,1.33,2.068,
1,9.68254,116,186,88,250,,294,2.18,1.34,2.069,
1,9.68861,117,186,88,249,,291,2.16,1.34,2.06,
1,9.69999,118,186,87,243,,292,2.14,1.31,2.092,
1,9.70903,118,186,86,236,,296,2.14,1.27,2.155,
1,9.71903,119,186,87,231,,290,2.12,1.24,2.183,
1,9.72751,119,186,86,226,,293,2.12,1.22,2.231,
1,9.73554,120,187,86,228,,291,2.09,1.22,2.193,
1,9.74285,120,186,85,224,,294,2.11,1.2,2.232,
1,9.75135,120,186,85,222,,294,2.11,1.19,2.252,
1,9.75985,119,186,85,232,,297,2.12,1.25,2.173,
1,9.76834,120,186,86,234,,291,2.11,1.26,2.137,
1,9.77684,118,187,86,238,,296,2.13,1.27,2.136,
1,9.78533,118,187,86,250,,296,2.13,1.34,2.034,
1,9.79382,118,187,86,246,,296,2.13,1.32,2.067,
1,9.80182,119,187,86,232,,293,2.11,1.24,2.173,
1,9.80914,119,187,86,225,,293,2.11,1.2,2.241,
1,9.81763,119,187,86,228,,293,2.11,1.22,2.211,
1,9.82613,119,188,86,238,,293,2.1,1.27,2.118,
1,9.83462,118,187,85,248,,299,2.13,1.33,2.05,
1,9.84311,118,188,85,249,,299,2.12,1.32,2.042,
1,9.85133,119,187,86,238,,293,2.11,1.27,2.118,
1,9.85892,119,188,86,226,,293,2.1,1.2,2.231,
1,9.87017,120,188,86,222,,291,2.08,1.18,2.252,
1,9.87748,120,188,85,226,,294,2.08,1.2,2.212,
1,9.88599,119,188,85,231,,297,2.1,1.23,2.183,
1,9.89415,119,188,85,249,,297,2.1,1.32,2.025,
1,9.90144,118,187,86,267,,296,2.13,1.43,1.904,
1,9.9114,117,187,86,272,,298,2.15,1.45,1.885,
1,9.91995,118,187,86,263,,296,2.13,1.41,1.933,
1,9.92845,117,188,86,253,,298,2.14,1.35,2.027,
1,9.93644,117,187,87,249,,295,2.15,1.33,2.06,
1,9.94384,117,187,87,249,,295,2.15,1.33,2.06,
1,9.95273,116,188,88,253,,294,2.16,1.35,2.044,
1,9.96283,116,188,87,261,,297,2.16,1.39,1.982,
1,9.97132,116,188,87,261,,297,2.16,1.39,1.982,
1,9.9798,115,188,88,254,,296,2.17,1.35,2.054,
1,9.98829,115,189,89,252,,293,2.16,1.33,2.07,
1,9.99693,115,189,89,254,,293,2.16,1.34,2.054,
1,10.00572,116,189,88,247,,294,2.14,1.31,2.094,
1,10.0142,117,189,88,233,,291,2.13,1.23,2.201,
1,10.0227,117,189,88,234,,291,2.13,1.24,2.192,
1,10.03085,117,190,88,239,,291,2.11,1.26,2.146,
1,10.03816,117,190,88,240,,291,2.11,1.26,2.137,
1,10.04818,117,190,87,236,,295,2.11,1.24,2.173,
1,10.05678,117,190,87,226,,295,2.11,1.19,2.269,
1,10.06537,118,190,87,220,,292,2.1,1.16,2.311,
1,10.07244,117,190,87,224,,295,2.11,1.18,2.289,
1,10.08256,117,190,87,242,,295,2.11,1.27,2.119,
1,10.09105,118,190,87,242,,292,2.1,1.27,2.101,
1,10.09895,118,190,86,231,,296,2.1,1.22,2.201,
1,10.10502,118,190,87,236,,292,2.1,1.24,2.155,
1,10.11652,119,189,87,231,,290,2.09,1.22,2.183,
1,10.12498,119,190,86,215,,293,2.08,1.13,2.345,
1,10.13241,119,190,85,208,,297,2.08,1.09,2.424,
1,10.13772,120,189,85,209,,294,2.07,1.11,2.392,
1,10.14884,119,190,86,214,,293,2.08,1.13,2.356,
1,10.15733,120,189,86,219,,291,2.07,1.16,2.283,
1,10.16583,120,190,86,220,,291,2.06,1.16,2.273,
1,10.17431,120,189,85,223,,294,2.07,1.18,2.242,
1,10.1828,120,190,85,229,,294,2.06,1.21,2.183,
1,10.1913,120,190,85,231,,294,2.06,1.22,2.165,
1,10.1993,121,190,85,223,,292,2.04,1.17,2.224,
1,10.20701,121,190,85,217,,292,2.04,1.14,2.285,
1,10.21719,118,190,85,237,,299,2.1,1.25,2.145,
1,10.22569,118,189,85,265,,299,2.11,1.4,1.919,
1,10.23417,118,190,86,264,,296,2.1,1.39,1.926,
1,10.24267,118,190,87,244,,292,2.1,1.28,2.084,
1,10.25116,119,190,87,229,,290,2.08,1.21,2.202,
1,10.25966,119,190,86,232,,293,2.08,1.22,2.173,
1,10.26765,118,190,85,240,,299,2.1,1.26,2.119,
1,10.27498,118,190,85,242,,299,2.1,1.27,2.101,
1,10.28318,119,190,86,240,,293,2.08,1.26,2.101,
1,10.2904,119,191,87,230,,290,2.07,1.2,2.192,
1,10.30046,118,191,86,225,,296,2.09,1.18,2.26,
1,10.30895,119,191,85,231,,297,2.07,1.21,2.183,
1,10.3181,118,191,85,237,,299,2.09,1.24,2.145,
1,10.3272,118,191,86,240,,296,2.09,1.26,2.119,
1,10.33326,118,191,87,237,,292,2.09,1.24,2.145,
1,10.34332,117,191,87,245,,295,2.1,1.28,2.093,
1,10.35179,117,191,86,245,,298,2.1,1.28,2.093,
1,10.36032,117,191,86,235,,298,2.1,1.23,2.182,
1,10.3688,116,191,87,244,,297,2.12,1.28,2.12,
1,10.3773,116,191,87,255,,297,2.12,1.34,2.028,
1,10.38647,116,191,88,246,,294,2.12,1.29,2.103,
1,10.39588,116,191,87,235,,297,2.12,1.23,2.201,
1,10.4032,117,191,87,233,,295,2.1,1.22,2.201,
1,10.41169,116,191,88,234,,294,2.12,1.23,2.21,
1,10.42017,117,191,88,244,,291,2.1,1.28,2.102,
1,10.42828,116,192,88,253,,294,2.11,1.32,2.044,
1,10.43561,116,192,87,252,,297,2.11,1.31,2.053,
1,10.44628,116,192,87,251,,297,2.11,1.31,2.061,
1,10.45623,117,192,88,246,,291,2.09,1.28,2.085,
1,10.46422,116,192,88,242,,294,2.11,1.26,2.137,
1,10.47154,117,192,88,236,,291,2.09,1.23,2.173,
1,10.48004,117,191,87,235,,295,2.1,1.23,2.182,
1,10.48853,116,192,87,248,,297,2.11,1.29,2.086,
1,10.49712,116,192,88,245,,294,2.11,1.28,2.111,
1,10.50609,116,191,88,230,,294,2.12,1.2,2.249,
1,10.51609,116,191,88,234,,294,2.12,1.23,2.21,
1,10.52458,116,191,87,235,,297,2.12,1.23,2.201,
1,10.53256,116,192,87,230,,297,2.11,1.2,2.249,
1,10.53987,118,192,87,227,,292,2.07,1.18,2.24,
1,10.5484,118,192,88,221,,289,2.07,1.15,2.301,
1,10.55688,118,192,87,231,,292,2.07,1.2,2.201,
1,10.56592,118,192,87,244,,292,2.07,1.27,2.084,
1,10.57594,118,192,86,240,,296,2.07,1.25,2.119,
1,10.58444,118,193,86,234,,296,2.06,1.21,2.173,
1,10.59246,118,193,86,234,,296,2.06,1.21,2.173,
1,10.59975,118,193,86,235,,296,2.06,1.22,2.164,
1,10.60824,119,193,87,233,,290,2.05,1.21,2.164,
1,10.61675,120,193,86,227,,291,2.03,1.18,2.203,
1,10.62524,121,193,85,216,,292,2.01,1.12,2.296,
1,10.63336,120,193,85,216,,294,2.03,1.12,2.315,
1,10.64075,120,193,85,226,,294,2.03,1.17,2.212,
1,10.65072,120,192,85,225,,294,2.04,1.17,2.222,
1,10.65873,120,192,85,217,,294,2.04,1.13,2.304,
1,10.66603,121,192,84,216,,295,2.02,1.13,2.296,
1,10.67426,121,192,85,222,,292,2.02,1.16,2.234,
1,10.68139,121,192,85,228,,292,2.02,1.19,2.175,
1,10.69153,121,192,84,228,,295,2.02,1.19,2.175,
1,10.7,121,192,84,231,,295,2.02,1.2,2.147,
1,10.70845,120,192,84,234,,298,2.04,1.22,2.137,
1,10.71697,120,192,85,236,,294,2.04,1.23,2.119,
1,10.72501,119,192,85,242,,297,2.06,1.26,2.083,
1,10.73233,120,192,86,236,,291,2.04,1.23,2.119,
1,10.7408,119,192,85,226,,297,2.06,1.18,2.231,
1,10.74931,120,192,85,217,,294,2.04,1.13,2.304,
1,10.75781,121,192,85,205,,292,2.02,1.07,2.419,
1,10.7663,121,192,85,203,,292,2.02,1.06,2.443,
1,10.77479,120,192,85,213,,294,2.04,1.11,2.347,
1,10.78251,119,192,85,230,,297,2.06,1.2,2.192,
1,10.78857,119,192,85,246,,297,2.06,1.28,2.05,
1,10.79861,119,192,86,248,,293,2.06,1.29,2.033,
1,10.8071,119,192,86,233,,293,2.06,1.21,2.164,
1,10.81526,119,192,85,226,,297,2.06,1.18,2.231,
1,10.82258,119,192,85,230,,297,2.06,1.2,2.192,
1,10.83466,119,192,86,222,,293,2.06,1.16,2.271,
1,10.84314,120,192,86,215,,291,2.04,1.12,2.326,
1,10.85114,121,192,85,208,,292,2.02,1.08,2.384,
1,10.85839,121,193,84,195,,295,2.01,1.01,2.543,
1,10.86695,121,192,84,197,,295,2.02,1.03,2.517,
1,10.87497,120,192,84,217,,298,2.04,1.13,2.304,
1,10.88188,123,192,84,221,,290,1.99,1.15,2.207,
1,10.89037,124,191,84,193,,288,1.98,1.01,2.507,
1,10.89886,128,191,83,149,,282,1.92,0.78,3.146,
1,10.90638,134,191,81,96,,276,1.84,0.5,4.664,
1,10.91212,137,191,77,56,,284,1.8,0.29,7.821,
1,10.92028,143,191,63,39,,333,1.72,0.2,10.758,
1,10.92665,148,190,49,28,,414,1.67,0.15,14.479,
1,10.93302,154,189,41,25,,475,1.61,0.13,15.584,
1,10.93939,158,189,55,28,,345,1.57,0.15,13.562,
1,10.94547,160,188,69,40,,272,1.56,0.21,9.375,
1,10.95101,161,188,82,59,,227,1.55,0.31,6.316,
1,10.95848,169,187,81,64,,219,1.49,0.34,5.547,
1,10.96449,174,187,79,50,,218,1.44,0.27,6.897,
1,10.96951,179,186,77,40,,218,1.41,0.22,8.38,
1,10.97306,181,186,74,37,,224,1.4,0.2,8.959,
1,10.98004,187,184,72,44,,223,1.37,0.24,7.292,
1,10.98373,187,183,71,54,,226,1.37,0.3,5.942,
1,10.99132,185,182,70,72,,232,1.4,0.4,4.505,
1,10.99707,193,180,69,82,,225,1.35,0.46,3.791,
1,11.00109,199,180,69,61,,218,1.31,0.34,4.943,
1,11.00504,202,179,68,41,,218,1.3,0.23,7.245,
1,11.01105,209,179,66,40,,217,1.26,0.22,7.177,
1,11.01529,209,178,64,45,,224,1.26,0.25,6.38,
1,11.02002,210,177,63,54,,227,1.26,0.31,5.291,
1,11.02586,211,177,63,64,,226,1.26,0.36,4.443,
1,11.03011,212,176,63,71,,225,1.26,0.4,3.986,
1,11.03435,216,176,62,72,,224,1.24,0.41,3.858,
1,11.03859,216,176,61,66,,228,1.24,0.38,4.209,
1,11.04321,218,176,61,61,,226,1.22,0.35,4.512,
1,11.04834,219,175,61,61,,225,1.23,0.35,4.491,
1,11.05258,219,176,60,63,,228,1.22,0.36,4.349,
1,11.05667,215,175,60,68,,233,1.25,0.39,4.104,
1,11.06045,214,174,60,73,,234,1.26,0.42,3.841,
1,11.06738,214,173,60,79,,234,1.27,0.46,3.549,
1,11.07163,218,172,61,76,,226,1.25,0.44,3.621,
1,11.07588,218,172,61,66,,226,1.25,0.38,4.17,
1,11.0805,215,171,61,62,,229,1.28,0.36,4.501,
1,11.08549,212,170,60,70,,236,1.3,0.41,4.043,
1,11.08904,214,170,61,80,,230,1.29,0.47,3.505,
1,11.0941,227,170,60,71,,220,1.22,0.42,3.723,
1,11.09836,218,169,61,53,,226,1.28,0.31,5.193,
1,11.10319,220,168,66,56,,207,1.27,0.33,4.87,
1,11.10891,220,168,68,68,,201,1.27,0.4,4.011,
1,11.11316,219,167,68,71,,201,1.29,0.43,3.859,
1,11.11716,221,166,68,72,,200,1.28,0.43,3.771,
1,11.12083,224,166,68,68,,197,1.26,0.41,3.939,
1,11.12508,223,166,68,63,,198,1.27,0.38,4.271,
1,11.12982,223,165,68,61,,198,1.28,0.37,4.411,
1,11.13563,221,165,67,62,,203,1.29,0.38,4.379,
1,11.13988,221,165,67,65,,203,1.29,0.39,4.177,
1,11.14375,223,164,68,66,,198,1.29,0.4,4.077,
1,11.14679,227,164,68,66,,194,1.26,0.4,4.005,
1,11.15179,235,164,66,63,,193,1.22,0.38,4.053,
1,11.15604,238,163,64,55,,197,1.21,0.34,4.584,
1,11.16029,241,163,63,52,,198,1.2,0.32,4.788,
1,11.16452,238,163,63,54,,200,1.21,0.33,4.669,
1,11.16876,231,162,63,60,,206,1.26,0.37,4.329,
1,11.17299,229,161,63,66,,208,1.27,0.41,3.97,
1,11.17726,236,160,64,66,,199,1.24,0.41,3.852,
1,11.18127,241,160,64,55,,195,1.22,0.34,4.527,
1,11.18493,242,159,64,45,,194,1.22,0.28,5.51,
1,11.1896,241,159,63,45,,198,1.23,0.28,5.533,
1,11.19534,236,159,63,51,,202,1.25,0.32,4.985,
1,11.19897,235,158,63,59,,203,1.27,0.37,4.327,
1,11.20341,246,158,63,58,,194,1.21,0.37,4.205,
1,11.20616,249,158,63,48,,191,1.19,0.3,5.02,
1,11.21041,249,159,62,42,,194,1.19,0.26,5.737,
1,11.21441,249,159,61,44,,198,1.19,0.28,5.476,
1,11.21795,248,159,61,48,,198,1.19,0.3,5.04,
1,11.2215,251,159,60,50,,199,1.18,0.31,4.781,
1,11.22621,261,158,60,48,,192,1.14,0.3,4.789,
1,11.22886,265,158,59,45,,192,1.12,0.28,5.031,
1,11.2343,270,158,57,44,,195,1.1,0.28,5.051,
1,11.23582,274,159,56,45,,196,1.08,0.28,4.866,
1,11.24125,284,159,55,43,,192,1.04,0.27,4.913,
1,11.24457,283,159,54,39,,196,1.04,0.25,5.436,
1,11.24708,283,159,53,37,,200,1.04,0.23,5.73,
1,11.25132,287,159,53,38,,197,1.03,0.24,5.502,
1,11.25556,284,158,53,39,,199,1.05,0.25,5.417,
1,11.25927,275,157,52,40,,210,1.09,0.25,5.455,
1,11.26199,270,156,52,42,,214,1.12,0.27,5.291,
1,11.26624,265,155,54,46,,210,1.14,0.3,4.922,
1,11.27049,259,154,55,49,,211,1.18,0.32,4.728,
1,11.27448,256,154,56,51,,209,1.19,0.33,4.596,
1,11.27815,251,153,57,52,,210,1.22,0.34,4.597,
1,11.28239,243,153,58,55,,213,1.26,0.36,4.489,
1,11.28664,239,152,60,60,,209,1.29,0.39,4.184,
1,11.29088,238,151,61,63,,207,1.31,0.42,4.002,
1,11.29512,237,149,62,62,,204,1.33,0.42,4.083,
1,11.29938,233,149,63,62,,204,1.35,0.42,4.153,
1,11.30299,225,149,63,68,,212,1.4,0.46,3.922,
1,11.30535,217,149,65,77,,213,1.45,0.52,3.591,
1,11.31336,218,149,68,88,,202,1.45,0.59,3.128,
1,11.31761,214,150,69,93,,203,1.46,0.62,3.015,
1,11.32185,209,150,70,89,,205,1.5,0.59,3.226,
1,11.32638,214,149,71,90,,197,1.47,0.6,3.115,
1,11.33169,205,149,74,90,,198,1.54,0.6,3.252,
1,11.33666,207,149,80,92,,181,1.52,0.62,3.151,
1,11.34126,206,149,81,87,,180,1.53,0.58,3.348,
1,11.34638,208,149,81,78,,178,1.52,0.52,3.698,
1,11.35063,212,149,80,75,,177,1.49,0.5,3.774,
1,11.35536,212,149,79,73,,179,1.49,0.49,3.877,
1,11.36119,215,149,80,72,,174,1.47,0.48,3.876,
1,11.36542,216,148,81,71,,171,1.47,0.48,3.912,
1,11.36969,218,148,81,70,,170,1.46,0.47,3.932,
1,11.37394,222,147,80,66,,169,1.44,0.45,4.095,
1,11.37855,223,146,80,61,,168,1.44,0.42,4.411,
1,11.38367,221,146,79,60,,172,1.46,0.41,4.525,
1,11.38792,222,146,79,62,,171,1.45,0.42,4.359,
1,11.39217,223,146,78,64,,172,1.44,0.44,4.204,
1,11.39641,226,146,78,65,,170,1.42,0.45,4.084,
1,11.40046,226,146,78,65,,170,1.42,0.45,4.084,
1,11.40419,225,146,78,65,,171,1.43,0.45,4.103,
1,11.4095,227,146,78,65,,169,1.42,0.45,4.066,
1,11.41446,230,145,77,64,,169,1.41,0.44,4.076,
1,11.41748,232,145,76,64,,170,1.4,0.44,4.041,
1,11.42313,237,144,76,63,,167,1.38,0.44,4.018,
1,11.42737,240,143,75,61,,167,1.37,0.43,4.098,
1,11.43162,238,143,74,60,,170,1.38,0.42,4.202,
1,11.43587,235,144,73,59,,175,1.39,0.41,4.327,
1,11.44011,230,144,74,61,,176,1.42,0.42,4.277,
1,11.44395,225,143,76,65,,175,1.46,0.45,4.103,
1,11.44697,224,143,77,71,,174,1.47,0.5,3.773,
1,11.4512,227,143,78,75,,169,1.45,0.52,3.524,
1,11.45602,226,141,77,73,,172,1.47,0.52,3.637,
1,11.45905,229,141,77,69,,170,1.46,0.49,3.797,
1,11.46683,233,140,76,64,,169,1.44,0.46,4.024,
1,11.47108,232,139,76,61,,170,1.46,0.44,4.24,
1,11.47532,231,140,76,62,,171,1.45,0.44,4.189,
1,11.47934,230,139,75,62,,174,1.47,0.45,4.208,
1,11.48288,230,140,75,62,,174,1.46,0.44,4.208,
1,11.48641,230,140,76,62,,172,1.46,0.44,4.208,
1,11.49149,226,141,76,63,,175,1.47,0.45,4.214,
1,11.49624,219,142,77,70,,178,1.51,0.49,3.914,
1,11.50204,209,142,78,87,,184,1.58,0.61,3.3,
1,11.50629,205,142,80,110,,183,1.61,0.77,2.661,
1,11.51121,206,142,84,114,,173,1.61,0.8,2.555,
1,11.51662,200,142,85,105,,176,1.65,0.74,2.857,
1,11.52063,199,143,86,105,,175,1.65,0.73,2.872,
1,11.52658,200,143,87,104,,172,1.64,0.73,2.885,
1,11.53068,203,143,87,93,,170,1.62,0.65,3.178,
1,11.53437,208,144,87,80,,166,1.57,0.56,3.606,
1,11.54066,207,144,86,68,,169,1.58,0.47,4.263,
1,11.54565,209,143,85,64,,169,1.57,0.45,4.486,
1,11.55057,212,143,84,68,,168,1.55,0.48,4.162,
1,11.55596,214,142,83,70,,169,1.55,0.49,4.005,
1,11.55963,214,141,82,71,,171,1.56,0.5,3.949,
1,11.56386,216,141,82,71,,169,1.54,0.5,3.912,
1,11.56809,219,141,81,70,,169,1.52,0.5,3.914,
1,11.57263,223,140,80,68,,168,1.51,0.49,3.957,
1,11.57794,224,140,79,64,,170,1.5,0.46,4.185,
1,11.58293,229,140,78,59,,168,1.47,0.42,4.441,
1,11.58718,232,140,77,58,,168,1.45,0.41,4.459,
1,11.59117,234,140,76,58,,169,1.43,0.41,4.421,
1,11.59471,231,140,75,59,,173,1.45,0.42,4.402,
1,11.59821,227,140,75,60,,176,1.48,0.43,4.405,
1,11.60333,224,140,77,64,,174,1.5,0.46,4.185,
1,11.60758,228,141,78,68,,169,1.46,0.48,3.87,
1,11.61242,230,140,77,67,,169,1.46,0.48,3.894,
1,11.61814,228,141,76,64,,173,1.46,0.45,4.112,
1,11.62239,226,141,76,63,,175,1.47,0.45,4.214,
1,11.62638,224,141,77,64,,174,1.49,0.45,4.185,
1,11.63003,222,142,78,65,,173,1.49,0.46,4.158,
1,11.63429,222,142,78,66,,173,1.49,0.46,4.095,
1,11.63854,224,141,79,66,,170,1.49,0.47,4.058,
1,11.64334,222,139,79,66,,171,1.52,0.47,4.095,
1,11.6491,218,138,78,67,,176,1.56,0.49,4.108,
1,11.65335,218,137,79,70,,174,1.57,0.51,3.932,
1,11.65736,220,137,80,70,,170,1.56,0.51,3.896,
1,11.66101,222,137,80,69,,169,1.55,0.5,3.917,
1,11.66566,224,138,79,68,,170,1.52,0.49,3.939,
1,11.67157,224,138,78,67,,172,1.52,0.49,3.998,
1,11.67553,225,137,77,66,,173,1.52,0.48,4.04,
1,11.67856,229,137,78,65,,168,1.5,0.47,4.031,
1,11.68431,224,137,78,66,,172,1.53,0.48,4.058,
1,11.68856,231,136,77,67,,169,1.5,0.49,3.877,
1,11.69256,236,135,76,61,,167,1.48,0.45,4.168,
1,11.6961,241,135,75,55,,166,1.44,0.41,4.527,
1,11.69964,244,135,73,53,,168,1.43,0.39,4.64,
1,11.70471,244,134,72,54,,171,1.44,0.4,4.554,
1,11.70866,246,134,72,54,,169,1.43,0.4,4.517,
1,11.7117,250,135,71,55,,169,1.39,0.41,4.364,
1,11.71746,252,134,70,55,,170,1.39,0.41,4.329,
1,11.7217,253,134,70,54,,169,1.39,0.4,4.392,
1,11.7257,254,134,69,54,,171,1.38,0.4,4.374,
1,11.72924,252,134,69,54,,173,1.39,0.4,4.409,
1,11.73279,247,134,69,54,,176,1.42,0.4,4.498,
1,11.73706,242,134,70,56,,177,1.45,0.42,4.427,
1,11.74157,248,134,70,57,,173,1.41,0.43,4.244,
1,11.74428,251,134,71,54,,168,1.4,0.4,4.427,
1,11.74853,253,135,71,50,,167,1.38,0.37,4.743,
1,11.75278,256,135,70,49,,167,1.36,0.36,4.783,
1,11.75677,256,134,69,50,,170,1.37,0.37,4.688,
1,11.76043,253,134,68,52,,174,1.39,0.39,4.561,
1,11.76467,246,133,69,56,,177,1.44,0.42,4.355,
1,11.7689,244,133,70,62,,176,1.45,0.47,3.966,
1,11.77317,247,132,71,64,,171,1.44,0.48,3.796,
1,11.77741,249,132,71,62,,170,1.43,0.47,3.887,
1,11.78145,247,133,70,59,,174,1.43,0.44,4.117,
1,11.78523,246,133,71,57,,172,1.44,0.43,4.279,
1,11.78991,248,133,71,56,,170,1.42,0.42,4.32,
1,11.79358,250,133,71,55,,169,1.41,0.41,4.364,
1,11.79782,249,133,70,53,,172,1.42,0.4,4.546,
1,11.80207,247,132,70,53,,174,1.44,0.4,4.583,
1,11.80576,246,132,70,54,,174,1.45,0.41,4.517,
1,11.80848,248,131,71,55,,170,1.45,0.42,4.399,
1,11.81273,253,132,70,55,,169,1.41,0.42,4.312,
1,11.81675,258,132,69,54,,169,1.38,0.41,4.307,
1,11.82028,261,132,68,53,,169,1.36,0.4,4.337,
1,11.82383,261,132,67,52,,172,1.36,0.39,4.421,
1,11.8289,252,132,67,55,,178,1.41,0.42,4.329,
1,11.83314,254,132,68,61,,174,1.4,0.46,3.872,
1,11.83682,260,132,68,63,,170,1.37,0.48,3.663,
1,11.83956,262,132,68,60,,168,1.36,0.45,3.817,
1,11.84381,259,132,68,56,,170,1.37,0.42,4.137,
1,11.84781,253,131,67,58,,177,1.42,0.44,4.089,
1,11.85148,255,131,67,61,,176,1.41,0.47,3.857,
1,11.85572,252,131,68,62,,175,1.42,0.47,3.84,
1,11.85981,244,131,68,61,,181,1.47,0.47,4.031,
1,11.86343,234,131,69,66,,186,1.53,0.5,3.885,
1,11.86826,248,132,72,69,,168,1.44,0.52,3.506,
1,11.87188,248,132,72,62,,168,1.44,0.47,3.902,
1,11.87626,246,132,71,53,,172,1.45,0.4,4.602,
1,11.88095,250,132,70,53,,171,1.42,0.4,4.528,
1,11.88461,255,132,70,56,,168,1.4,0.42,4.202,
1,11.88872,258,132,70,55,,166,1.38,0.42,4.228,
1,11.89223,260,132,68,53,,170,1.37,0.4,4.354,
1,11.89511,258,132,68,52,,171,1.38,0.39,4.472,
1,11.89879,259,132,67,52,,173,1.37,0.39,4.455,
1,11.90377,259,132,67,52,,173,1.37,0.39,4.455,
1,11.90802,258,132,68,52,,171,1.38,0.39,4.472,
1,11.91184,259,133,68,52,,170,1.36,0.39,4.455,
1,11.91488,260,133,68,51,,170,1.36,0.38,4.525,
1,11.91786,273,133,68,46,,162,1.29,0.35,4.778,
1,11.92211,270,133,66,37,,168,1.31,0.28,6.006,
1,11.92604,269,133,64,34,,174,1.31,0.26,6.56,
1,11.92908,271,133,64,35,,173,1.3,0.26,6.326,
1,11.9342,269,133,64,41,,174,1.31,0.31,5.44,
1,11.93703,267,133,64,45,,176,1.32,0.34,4.994,
1,11.94102,272,133,64,46,,172,1.3,0.35,4.795,
1,11.94429,289,132,62,42,,167,1.23,0.32,4.943,
1,11.94671,319,132,51,32,,184,1.12,0.24,5.878,
1,11.95022,337,131,40,18,,223,1.06,0.14,9.891,
1,11.95264,365,130,30,5,,274,0.99,0.04,32.877,
1,11.95449,384,130,22,0,,355,0.94,,,
1,11.95698,414,130,14,0,,518,0.87,,,
