[{
	"id": 1,
	"date_of_birth": 1989,
	"firstname": "Julian",
	"lastname": "Huber",
    "picture_path" : "data/pictures/tb.jpg",
	"ekg_tests": [{
		"id": 1,
		"date": "10.2.2023",
		"result_link": "data/ekg_data/01_Ruhe.txt"}, {
		"id": 2,
		"date": "11.3.2023",
		"result_link": "data/ekg_data/04_Belastung.txt"
	}]
}, {
	"id": 2,
	"date_of_birth": 1967,
	"firstname": "Yannic",
	"lastname": "Heyer",
    "picture_path" : "data/pictures/js.jpg",
	"ekg_tests": [{
		"id": 3,
		"date": "10.2.2023",
		"result_link": "data/ekg_data/02_Ruhe.txt"
	}]
}, {
	"id": 3,
	"date_of_birth": 1973,
	"firstname": "Yunus",
	"lastname": "Schmirander",
    "picture_path" : "data/pictures/bl.jpg",
	"ekg_tests": [{
		"id": 4,
		"date": "11.3.2023",
		"result_link": "data/ekg_data/03_Ruhe.txt"
	}]
}]